id,weight,KV1,KV2,KV3,KV4,KV5,KV6,KV7,KV8,KV9,KV10,KV11,KV12,KV13,KV14,KV15,KV16,KV17,KV18,KV19,none
8,1,0.95491201,0.01808043,0.15236787,-2.03052785,-1.19217147,-1.44240251,-0.62217912,-1.14915303,1.46001969,0.12845924,0.63626846,0.01935609,0.14330524,-0.34758126,-0.24832936,-0.18538277,1.52215688,0.844304,1.33849746,-1.97552192
13,1,0.89803839,-0.01593375,-0.62461498,-1.57800018,-0.42720841,-0.06515637,0.00430783,-0.78190961,-0.72801285,1.18472252,-0.89710643,-0.774787,-0.52889671,0.19826608,-0.74585255,1.04197843,1.4751661,0.82788747,1.53711202,-0.65086499
18,1,-0.38822014,-0.01150791,0.01645984,-0.0038818,-0.16776699,0.39837072,0.61240701,0.51153986,-0.49151113,-0.2980712,-1.27066875,-0.86845855,-0.6687187,0.04057899,-0.38532041,0.44874057,1.60939215,0.42963773,0.48699871,-1.42842299
21,1,-0.23304187,-0.041469,0.42720999,-1.12275124,-0.70497648,-0.07946389,-0.64752237,0.21623038,0.0918372,-0.43587702,0.98043632,0.05152767,-0.47308847,0.8842072,0.92027943,0.02611287,0.31283182,0.15449915,-0.32698169,-13.03942839
23,1,1.06632926,0.26842412,-0.11209561,-2.20820764,-0.16336333,-0.55839537,-0.63062368,0.23805541,-0.46799401,0.20541416,0.56827862,-0.43366548,-0.46505139,0.27623606,0.38307376,1.47207317,1.02449902,-0.39180203,-0.07118504,-2.37597057
28,1,0.0051905,0.40324204,-0.01284219,-1.49910207,-1.3123414,-1.57435074,-0.71274544,-0.89470201,1.65001926,-0.15909869,0.71134685,-0.18237198,0.40219812,0.64456822,0.04638095,0.94620293,-0.28163312,0.74638228,1.07365649,-1.19289356
30,1,1.23873853,0.62318328,0.28851615,-1.49467269,-1.4272983,-1.37516465,-1.01255499,-1.28769019,0.78840862,0.44577538,0.57212161,0.24841574,0.59790126,-0.1736142,0.88725788,0.30602334,0.19845989,0.84417218,-0.26797884,0.15250909
33,1,1.13600909,0.0865503,0.060438,-0.91339687,-0.82853924,-0.66325112,-0.68028766,-0.63107495,1.01234184,0.24530245,-0.33532243,-0.60847494,-0.23534938,0.10049562,0.13937275,0.60702477,1.23327336,-0.07970645,0.35459486,-2.28937657
37,1,0.21035581,-0.51568307,0.07877014,-0.38050229,-1.65893794,-1.0924843,-1.54044277,-1.03606566,1.49141794,-0.33463684,0.61729392,-0.16232302,0.18180207,0.40788962,0.24978838,1.29807396,1.05922247,0.3590218,0.76743978,-1.92116543
45,1,0.16771636,-1.24253053,-0.19185354,-1.04465362,-1.33527347,-0.4495602,-1.05522298,-1.09597202,-0.0554,0.3294497,-0.29051364,-0.51408447,0.43190546,0.60693178,0.72140676,1.24832836,1.34508615,1.15347708,1.27076282,-2.42957291
51,1,0.22784188,0.2491426,0.11254892,-1.9790719,0.36777928,0.30189083,0.11584122,0.37083372,-0.22119559,0.41419525,-0.78861579,-0.3321134,0.19142257,-0.47720519,0.3164657,0.7466718,0.13317312,-0.74228988,0.99268486,-2.31623702
56,1,0.12753679,0.30802761,-0.26905037,0.43070741,-1.26900097,-1.35691693,-1.46842896,-1.57909517,0.00155729,0.71276937,-0.06820682,-0.34260689,0.66585976,-0.46935579,0.08224747,0.86241275,1.065297,1.25745675,1.3087897,-1.19771461
59,1,1.20571207,0.33396542,0.05569524,-1.58766857,-1.36925551,-1.21362667,-1.28007871,-1.26805615,1.46443932,0.55215797,0.21738126,-0.77938851,0.64039903,0.4849907,0.84699454,-0.13610256,0.47877774,-0.16194751,1.5156109,0.40113691
63,1,0.03779018,-0.39327354,-0.05368649,-1.1931198,-1.62722377,-0.68008297,-1.49054043,-1.35797743,1.5234621,0.38166728,0.03441495,0.02778306,0.37063173,0.18455977,-0.08674599,-0.03035705,1.54468476,1.48251677,1.32549687,-1.23210905
66,1,1.22141241,0.25335337,0.1312275,0.23031353,-0.24177745,0.2454319,-0.48088029,0.39028251,-0.56728204,-0.01785737,-1.30502778,-1.22810782,-0.91976784,-0.51721814,-0.72867169,1.4909268,0.68891306,0.86783979,0.48688955,-1.1595479
82,1,1.12907873,-0.20283106,-0.15096464,0.15851042,-0.08749339,-0.34357204,-1.09092673,0.46098656,0.10581014,0.4691979,-1.0622523,-1.03991609,-0.58198879,-0.87158131,-0.59365247,1.58523655,0.75847594,1.49789733,-0.14001475,0.60263225
84,1,0.88311329,-0.24069431,0.45932682,-1.79947198,-1.24719422,-1.40104251,-1.49992417,-1.42563306,1.21320013,-0.02046444,0.4798688,0.27412104,-0.09808238,0.70129194,-0.1129214,1.57617094,0.77884126,0.87789362,0.60160063,-0.92128121
93,1,1.10663941,0.23820181,-0.03023733,-1.67876975,-1.49021927,-1.32893298,-1.41376851,-1.426572,0.98532766,0.28507697,0.44794343,0.44266148,0.27956281,0.72824132,-0.00974591,0.28363478,-0.10609023,1.30034018,1.38670613,-0.62732742
96,1,-0.18925352,-0.94255211,0.47882035,-0.49339335,-1.29642977,-0.78631364,-0.7540617,-0.91346461,0.73734262,-0.17305228,-0.04217814,-0.15261145,-0.66674062,0.13566227,-0.35606723,1.59784144,1.29640613,1.33618563,1.18385998,-17.2213443
100,1,-0.02795061,0.41480918,0.61169579,-1.69223456,-1.53065879,0.24276583,-1.36025738,-0.59981053,-0.35252104,-0.85914912,0.09793465,-0.47245756,0.73043973,-0.03013034,0.41487918,1.50648666,1.64206713,0.91379697,0.35029481,-0.36759083
102,1,0.48334437,-0.6214403,-0.66456452,-1.22740449,-0.87724995,-0.47280446,-0.64766703,-0.39169695,-0.20017118,0.62714101,0.43111203,-0.86440081,0.62039246,-0.80431899,0.19190227,0.98516256,1.49169148,0.70216352,1.23880898,-16.85149887
104,1,0.94631442,0.5335439,1.20698183,-0.69935409,-1.14559349,-1.37451066,-1.53088817,-1.6889054,0.39251104,0.71934143,-1.10568825,-0.32618061,0.17600165,0.26488819,0.5144468,1.1654167,1.33060713,-0.43796502,1.0590326,-1.24116628
111,1,0.83965495,-0.16835052,0.72789491,-2.02439302,-1.08264643,0.19921586,-0.40440957,-0.97203415,1.59576925,0.99515611,-0.68620802,-0.53707298,0.11787437,-1.05430288,0.28428148,0.17646048,0.46818587,0.34515849,1.1797658,-1.92727587
112,1,0.56893934,0.08977764,0.18875895,-0.45055994,0.49698192,0.31263803,-0.21622438,-0.63743146,-0.34818306,-0.5509373,-1.22143548,-0.95884498,-0.45284741,-1.21610076,0.55414593,1.21337777,0.52523327,1.21422544,0.88848648,-0.86793733
117,1,0.52651684,0.4686292,1.35049038,-1.79640197,-0.44458456,-1.25250231,-1.40586427,-1.0980057,0.73458582,0.08818344,-1.08471522,0.43523022,-0.50747246,0.77430205,0.85160339,0.72333439,0.67512144,0.85144416,0.11010516,-0.09491685
123,1,-0.86099245,-0.19176896,0.05762033,-0.65150529,-1.11057626,-1.02862696,-0.06528577,-1.02396076,1.30915742,-0.83400839,-0.77768221,0.22952155,-0.55298394,0.40209036,0.0474953,1.5790968,1.34393218,1.21182643,0.91665062,-0.92240909
143,1,0.22595292,0.58486834,0.8284031,-1.59893457,-1.62099036,-1.0961497,-1.29764282,-0.5694124,0.16962632,0.11808333,0.54668721,-0.25379056,0.57306245,0.32709524,1.03082444,1.49266666,0.63788827,-0.59040665,0.49216878,-0.10003645
148,1,1.23087431,0.11702301,0.98264835,-1.84680777,-1.05231321,-1.11463904,-1.15462516,-0.96739269,1.26119027,0.35227535,0.07568103,0.01671219,0.42943559,-0.45656922,0.81596367,0.05847715,0.16343173,0.29150941,0.79712503,-1.52144471
149,1,0.54665545,1.05795244,0.21231816,-1.08600704,-0.20865727,0.61817539,-0.80524188,-0.06254898,-0.83445691,-0.0321958,0.6695709,-0.91618057,-0.72546374,-0.20554448,-0.46644959,0.50211302,0.61419054,-0.28661802,1.40838838,0.59600936
156,1,0.62560002,0.36199924,0.81310342,-1.38563477,-1.13611953,-1.46198514,-1.42262688,-0.99163081,1.22506913,0.2579495,-1.28810972,0.1428946,0.2392888,-0.10120771,0.56808731,0.64900853,1.63717042,-0.25131791,1.5184615,-0.93913317
163,1,0.59911383,0.47480504,1.08676198,-1.58409193,-0.92150854,-0.57453466,-1.22499164,-1.37536798,0.80105159,0.39307362,0.08581575,-0.06234266,0.46895284,0.4631922,-0.19434189,0.94175181,0.41362203,-0.17343554,0.38247415,-13.98450076
164,1,-0.10268942,0.63620195,0.06409722,0.28982014,-0.13409035,0.22746495,-0.88410906,-1.50148325,1.46425503,-0.92492034,-0.90996659,-0.15116151,-0.61350129,-0.02120112,0.20763237,1.54546344,1.57818842,-0.17006512,-0.59993547,-0.63491532
166,1,0.79394714,-0.02977889,0.70791354,0.13976816,-1.21970652,-1.43600395,-1.08528329,-1.1983011,0.74612799,-0.19609772,0.38320899,-0.49491753,-0.26691102,-0.71399969,-0.6228319,1.68243417,0.76402721,0.53392793,1.51247648,0.90859631
168,1,0.58113876,0.23119074,0.22312023,-0.59652111,-1.17723955,-0.92901811,-0.9259749,-1.00664479,1.18175085,0.58284698,-0.9716081,-1.3811475,0.67154033,-0.70509825,-1.30929567,1.47310163,1.69957526,1.12500859,1.23327461,-0.41227603
173,1,-0.3739421,-0.05572102,0.1788626,-2.01507236,-0.73343111,-0.09551864,-0.74716964,-0.90570824,0.17735651,-0.06549739,0.5607603,-0.22958864,-0.13131685,0.83565455,0.5951498,0.36283727,1.41015774,0.68607324,0.54611398,-2.36158933
179,1,0.60771733,0.36229632,0.96399403,-1.77218017,-0.10840775,-0.85983173,0.29311409,0.43949904,-0.46048484,-0.2671691,-0.21910838,-0.54492922,-0.19590857,-0.53230438,-0.45117765,1.41695137,0.57192678,-0.02334002,0.77934285,-0.85303452
193,1,0.5592878,-0.19360637,-0.40724594,-1.61699397,-1.07995534,-1.15431388,-1.37405169,-1.38150259,0.2031147,0.11508703,0.69448751,-1.16198745,0.41088372,0.82374423,0.51681817,0.76087203,1.51942081,1.24538919,1.52055204,0.40780485
199,1,0.03956377,0.15739154,1.00364553,0.14918887,-1.05402476,-0.41322261,-0.77491679,-1.26188666,0.27472858,-0.34858698,0.5712553,-1.29761141,0.17462737,0.35836967,-0.23639645,1.4402864,0.78588516,-0.34704299,0.77874646,-10.36804986
204,1,0.57131169,-0.34871298,0.48643319,-0.94310375,-1.27211525,-0.91933906,-1.36022374,-0.79170297,1.43875899,-0.845615,-0.71138024,-0.87518047,0.64651213,0.42296699,0.10254046,1.42280169,1.39349236,0.72855218,0.85400378,-2.45247291
210,1,0.19043298,-0.72984575,-0.1307461,-0.7401292,-0.11876172,0.0956974,-1.03959421,-0.22087324,-0.19053534,0.5347761,-1.30257865,-1.37562509,0.44340187,0.7378882,-0.48332474,1.40593492,1.6062968,-0.04666456,1.36425033,-1.19064976
213,1,0.96787976,-0.35465884,-0.29003318,-0.41337753,-0.34612718,-0.55992359,-0.40089411,-0.6543952,1.04093395,0.54313519,-0.42042659,-1.13142199,-1.02300599,-0.88381032,-1.29984538,1.69668596,1.48896658,1.48262847,0.55768999,-0.93883555
214,1,0.7648031,-0.41942001,0.60308859,-1.71695451,-1.35750782,-0.74904381,-1.18363473,-1.26618376,1.11345982,1.10102874,-0.10110809,0.133542,-0.13870294,-0.00335193,0.10372503,0.08818214,1.4124608,0.67968646,0.93593092,-11.54518397
222,1,0.32784739,-0.15383295,0.42842676,-0.42005247,-1.42871489,-0.69068714,-0.91961293,-1.32265778,1.41263822,1.00307715,0.41183892,-1.21707598,-0.04590765,0.97744414,-0.77618524,0.52414731,0.41119481,0.61971458,0.85839775,-0.11209949
225,1,1.116886,0.16449086,0.25782524,-1.56677871,-1.02867208,-0.40627129,-1.26075686,0.43554189,1.54992409,-0.23066555,-1.07159634,-0.63168271,-0.0395,-1.05507334,0.84987943,0.9820595,-0.04086343,0.88089206,1.09431124,0.64516806
228,1,-0.06998062,0.36830677,1.04351741,-1.43087651,0.0085824,0.44104369,-1.29178979,0.45909639,0.95135941,0.06088944,0.58039913,-0.7446123,-0.55655195,-0.57381145,-0.36312093,1.08249733,0.1209078,-0.18944707,0.10359085,-14.20633696
237,1,0.77146941,0.22373131,0.19681072,-1.28178919,-1.40453964,-1.59801678,-1.37735327,-1.40428224,1.48642915,0.75157356,0.19878748,-0.40177807,0.26941775,-0.30589045,-0.62843272,0.39457994,1.15372231,1.50430479,1.45125594,-0.38812731
242,1,-0.53872287,-0.79288118,-0.44506107,-0.08441085,-0.85821236,-0.75242316,-0.0992731,0.09146504,1.12551454,0.15963261,-0.58977249,-0.2066078,0.76878685,-0.4535292,-1.17282474,0.51157043,0.69949626,1.38904811,1.24820498,-0.61961821
246,1,1.06706618,0.49138057,0.13051597,-0.39309799,-0.42012584,-0.0652115,-0.10439123,0.02746964,0.79578213,0.0850592,-0.66693808,-0.70995116,-0.5062049,-0.09207865,-0.51802528,0.40089568,1.00218029,-0.5197325,-0.00459253,-0.34560989
250,1,0.64482095,-0.49538551,0.32018498,-1.6894001,0.00289118,-0.90150178,-1.24042001,-0.1815797,1.88032381,0.64192223,-0.92267688,-1.23607221,-0.51818145,-0.78402396,-0.2265978,1.47541045,1.4900156,1.26691004,0.47336016,0.37604572
254,1,-0.12778102,0.68193702,-0.42235419,-2.13335393,-0.59228282,-0.89634338,-0.88602182,-1.09897333,1.20699232,-0.13861086,0.31133961,0.26068731,0.32126463,0.32276648,-0.76152935,1.24115091,1.31357772,1.13180201,0.26573269,-3.26237806
259,1,1.00894932,0.45439874,0.00510464,-1.75573355,-0.45341022,0.69320495,0.05339301,0.41408336,1.48776412,-0.43808514,-1.07093527,-0.19370159,-0.37676486,-1.14331612,0.49551211,-0.31105979,0.43066426,0.89957778,-0.19964575,-0.60395477
262,1,0.41098944,0.19817058,1.0025704,-2.09759893,-0.38642181,-0.0002725,-0.56514594,-0.10080202,1.00748421,-1.0431086,-0.87346122,-0.51697217,0.2382281,-0.48712369,-0.70689269,0.84476987,1.66754973,1.30249839,0.10553885,-2.43921614
273,1,0.18870105,0.66892275,0.36246201,-1.47141207,-0.05319482,0.38281114,-0.90502365,-0.20337266,-0.47965431,0.99265712,-1.18362658,-0.66087635,0.023328,-0.33311595,-0.5842453,0.88172082,1.56292088,-0.62594742,1.43694534,-0.62936576
282,1,0.74966953,0.67348558,-0.31054032,-2.26792342,-0.46417885,-0.30362712,-0.75817464,-1.03022319,-0.16127073,0.35995571,-0.71660538,-0.813715,0.63593988,-0.35598386,-0.4356659,1.15261406,1.70323536,1.42042598,0.92258231,-3.29313745
284,1,0.42951744,0.0138101,0.31869353,-2.15248679,-1.23540307,-0.73497413,-1.22616505,-1.06396956,1.23671824,-0.23627923,-0.12914158,0.06147002,0.57571757,-0.75446143,0.23051306,1.61998966,1.23667068,0.69679263,1.11298791,-3.31556893
286,1,0.1491498,-0.38144029,-0.16420383,-1.77438689,0.87949992,0.32769148,-0.12909201,0.5317724,-0.19462165,-0.67281979,-0.75923878,-0.18808014,0.10742744,-0.57425331,-0.27175506,0.99005449,0.25344653,1.46661106,0.40423863,1.13654135
287,1,0.63597942,0.81667859,0.17146388,-1.53640654,-1.14001136,-0.98491591,-0.94720194,-1.61142822,0.98374899,0.05634496,-1.13371689,-1.28597805,0.27981476,0.14189154,0.21218254,1.5135586,1.51840629,0.99702408,1.31256526,-1.27320787
290,1,-0.62199534,-0.90411096,-0.50456167,-1.67262976,-1.44755446,-0.50455826,-0.90806485,0.0649487,0.54081546,-0.03392119,0.33264895,0.12850597,-0.60280387,1.02738795,0.53513529,0.8209455,0.9382848,1.1096984,1.70182934,0.63867692
294,1,0.47445114,-0.1688216,0.75492481,-1.53437067,-0.51962164,-0.97076611,-0.7190778,-0.2780444,1.53609441,0.00124625,-0.70727253,-1.36258803,-0.20931023,-0.49503875,-0.31652154,1.46095644,1.40074025,0.69160614,0.96141386,-1.54318566
297,1,0.09923471,0.88577638,0.52328445,-1.76067399,0.278105,0.38344436,0.31992454,-0.05661288,-0.14324961,-0.14167436,-1.19426591,-0.55630188,0.19796071,-1.04427831,0.2602322,1.38240599,0.98493225,0.15329397,-0.57153762,-1.14499021
310,1,0.64900706,-0.48041032,0.69685217,-1.66347758,-1.51294245,-1.33186925,-1.26153103,-1.50582086,1.32789303,0.76122733,0.68060022,0.02316616,0.48866035,0.15049972,0.7946016,0.07835617,-0.25625932,1.4081998,0.9532472,-0.36068015
311,1,0.8098219,-0.17956136,0.5041772,-0.10177531,-0.60384995,-0.89447299,-1.20004765,-0.86420453,1.403744,0.31474153,-0.37732413,-1.20248855,-0.8023904,-0.05163098,-0.32663294,1.40818083,0.97029813,-0.05233857,1.24575377,-14.55624281
314,1,0.02329454,0.2681429,1.32884925,-1.8959109,0.53255774,0.35953227,0.64992104,0.14135315,0.44803891,-0.4845333,-0.02783927,-1.27786224,-0.68705898,-1.06408902,0.01558587,0.91973783,0.50462379,0.04087769,0.20477873,-1.4740784
317,1,0.40697448,-0.25552634,1.07827023,-0.95615198,0.0179598,-0.35097111,-0.53260107,-1.60728395,1.25246103,0.46383788,-0.16963452,0.31184334,-0.23509208,0.80014533,0.70634453,-0.45908994,-0.37031941,0.29907946,-0.40024568,-1.1316993
318,1,0.48920655,0.92781281,1.26018845,-1.21223224,-1.5885508,-1.27141509,-1.2929428,-1.35698402,1.41202141,0.46008136,-0.14967175,-0.47710657,0.5867114,0.08577712,-0.39451356,1.06160235,0.04365367,0.97544527,0.44091644,0.66538418
326,1,0.34903849,0.21839815,-0.00380088,-1.90032263,-1.27844231,-0.96222837,-1.50651741,-0.97415701,0.40815726,0.16636372,0.44221592,0.58644808,0.84278081,0.82408697,0.2471495,-0.1138146,0.49910195,0.80160974,1.35393262,-0.08703942
328,1,0.20940002,0.83973765,0.84861306,-1.91707424,-0.22758411,-0.72312873,-0.63029191,0.56298094,1.56767806,-0.14538991,0.0359066,-0.06613057,0.17824559,-0.56014929,-0.74944363,0.34101918,0.44067888,-1.01821598,1.01314839,-1.48919815
331,1,-0.09565979,-0.34465127,0.70828824,-1.7016766,-1.11738078,-1.0627377,-0.99298567,-1.36203639,1.53028989,0.42908258,0.56448696,-0.4862075,0.19875079,0.71757028,-0.1778189,0.5295109,1.1661253,-0.10956439,1.60661405,0.92438082
334,1,0.18468757,-0.18201445,-0.66562573,-2.08866636,-0.47448761,-0.1911708,-0.28042326,-1.10117946,0.85215439,0.49237759,0.48706737,-0.92483646,0.04104816,-0.21418224,-0.14703899,1.3345647,1.2514511,0.19768471,1.42858977,0.89828328
335,1,-0.26145469,-0.66144805,1.07854402,-0.01983472,-1.12901471,-0.49589819,-1.13092149,-0.62337404,1.10220086,0.32807474,-0.61476423,-1.16957723,-0.65009323,0.44799163,0.15140076,0.61213948,1.46341995,0.65763175,0.91497739,-2.3771704
337,1,1.21564086,0.17061966,0.10196173,-0.88732392,0.36137939,0.37537912,0.39091714,0.47544589,-0.45751966,-0.21485871,-0.26291219,-1.24329739,-0.28360431,0.33992714,-1.18076582,-0.55255502,0.34333736,1.03284159,0.27538714,-1.12238612
347,1,0.72406777,0.62567189,0.90193146,-2.01932861,-1.01971056,0.61539888,-0.69877964,-0.15916843,1.04474519,-0.80495725,-0.74753685,-1.18869382,-1.2037805,0.50794439,0.48677979,0.00176352,1.38205196,0.92464812,0.62695269,-0.10039587
348,1,0.6991302,-0.25385589,0.56180486,-1.67427517,0.48785956,0.41535324,0.01959484,0.42624374,-0.10462109,-0.08309345,-0.83144663,-0.62308267,-0.30320757,-0.33976552,-0.54014257,1.40148476,0.31122785,0.23770471,0.1930868,-16.24514348
350,1,0.06475205,-0.14949871,0.12551992,-1.73219558,0.12271738,-0.29292421,-0.80037574,0.20148073,1.45327375,-0.12441334,-1.12878602,0.61420972,-0.46417805,-1.03048012,-0.53805124,0.94038049,1.45668136,1.27748974,0.00439787,-0.62775123
352,1,0.77315735,0.60363442,0.65652537,-2.00000826,0.47929799,-0.17875891,-0.28958267,-0.03116279,1.39324415,-0.75624759,-1.23838065,0.01698958,-0.4259696,-1.17459669,-0.77147517,0.67606414,0.46733217,1.35387131,0.44606585,-1.18795231
353,1,0.02780022,0.13319811,0.71023765,-1.72588368,-1.34561783,-0.78495053,-1.16151779,-1.28372488,0.06896338,0.02487393,-0.81459035,0.31940158,0.71732988,0.62354466,1.14939339,1.11371388,1.2522985,0.1960206,0.77950928,1.92454126
359,1,0.24078459,0.30590635,0.25055572,-1.21836271,-0.65481016,0.03986758,0.55204956,-0.708644,0.91041704,0.3570343,-0.22354125,-0.73972263,0.07787734,0.33824382,-0.78859305,0.3131292,1.01503325,-0.1568878,0.08966285,-0.82952961
362,1,1.34240561,-0.10573932,0.86094677,-0.93739958,-1.02242453,-1.3030747,-1.04437081,-1.0289941,-0.36184213,0.99887173,-0.89757148,-0.47766649,-0.20223002,0.78821868,0.41204492,0.44233941,0.56827949,0.94951533,1.01869122,0.12611735
363,1,0.39571493,0.20154384,-0.15209035,-1.86488811,-0.24151178,0.69677336,-1.12714492,0.54849756,-0.28894602,0.65257373,-0.06551709,0.48792253,0.58802763,-0.08056524,0.13153416,0.45149551,-0.32707409,0.41689416,-0.42323981,-1.80670325
365,1,0.87087965,0.21420128,-0.16883322,-0.91124365,-0.74438726,-0.52671724,-0.09382918,-1.11240348,1.63457964,-1.02143084,0.3974147,-1.35351896,-0.46531185,0.33612184,0.44791912,0.48248666,1.48271239,-0.71988873,1.25124913,-0.64458271
366,1,0.49499265,0.65317417,0.31096297,-2.00548528,-0.51470839,0.26851038,-0.78768443,0.38683072,1.38619835,0.27717276,-1.18305412,-1.21536736,-0.57582842,-0.77223911,-0.17770487,1.41320971,1.15024673,0.38433789,0.50643565,-0.89801568
368,1,0.13549472,0.24228228,-0.6369798,-1.75513544,-0.8719309,-0.89373154,-1.3713814,-0.04097756,0.20693103,0.58559796,-0.02321518,-1.33331201,0.53446155,0.6856101,-1.07524689,1.47689851,1.7057187,1.18838958,1.24052629,-0.38955622
370,1,0.26355458,0.01275488,-0.45521791,0.15211822,-0.38373134,-0.18195486,-0.23363565,-0.32274791,1.01106468,0.31940857,-1.17678963,-0.60145764,-1.13016388,0.81993885,-0.65390096,0.98185851,1.44872562,-0.11228321,0.24245908,-1.45151348
372,1,0.29259153,0.42558576,0.95366001,-1.70943405,-0.24869136,0.26033146,-0.115886,0.1761841,0.37550167,-0.69724875,-1.34434452,0.17353449,-0.99006774,-0.38038542,0.65465102,-0.10695791,0.31489868,1.35781781,0.60825922,-1.14371031
373,1,1.00993852,0.59501911,0.71543099,-1.00097207,-0.65276358,-0.17552004,-0.16641358,0.23067778,-0.0921833,0.02176517,-1.39738044,-0.69863117,-0.17084534,-0.47208435,-0.76540731,0.8007866,0.91653551,0.8135287,0.4885188,-1.83348237
374,1,0.43207883,0.35107772,0.65332824,-1.83838433,-0.41493428,-0.18431384,-0.92140479,0.27003925,0.54855747,0.97918624,-1.20495192,-1.51226575,-0.60588205,-0.26734458,-0.41910217,0.58093917,1.53535756,1.19417546,0.82384377,-1.20361702
376,1,1.04411442,0.23135025,0.3098907,-2.00433349,-0.47359882,-1.09548662,-1.32694894,-0.99282324,1.07431125,-0.32014369,0.44798276,0.55938646,0.69660659,0.90695523,0.21273987,0.1932676,0.2765457,-0.19577266,0.45595663,-2.42467216
377,1,-0.04795783,-0.63036857,-0.55283344,-0.78849224,0.09830487,-0.59437834,0.07091019,-0.68878887,1.65595549,-0.02286314,-0.92016777,-0.50168731,-0.40412777,0.67185101,-0.26298855,0.70310025,1.04139067,0.89079894,0.28234241,-2.30713796
378,1,0.57302304,-0.34469312,0.10587689,-2.02827879,-0.56712213,-0.09707818,0.4128062,0.42223967,-0.28166769,-0.40872893,-1.60126878,-0.91773285,-0.245694,-0.12878405,0.02145017,1.18285472,1.51392985,1.28916142,1.09970656,-1.5319058
381,1,1.15936388,0.78025563,1.13272966,-1.66577574,-1.36322488,-1.26641882,-1.44980219,-1.05290009,1.12229287,0.26838199,0.36523239,0.28711147,-0.04174509,-0.10461012,0.59409965,0.30282284,0.68704098,0.73799195,-0.49284638,-0.62114107
385,1,0.27616631,-0.20461209,0.96913338,-1.2823007,-0.87149393,-0.30367018,-0.83621891,-0.81162557,0.90665856,-0.39715495,-0.90975821,-1.04860529,0.24571323,-0.86618962,-0.16439699,1.25294759,1.50086518,1.29560062,1.24894157,-15.79497379
389,1,0.02418974,-0.75893477,-0.09353279,-1.57408743,-0.7272512,-0.20483509,-0.19935464,0.09036374,0.377162,-0.94534963,0.24333839,0.2477963,0.14314306,-0.73344492,-0.30781612,1.46761584,1.5573149,0.81138257,0.58230005,-3.13410829
395,1,0.74299548,-0.74729987,0.65123961,-1.2816809,-0.66734072,-0.84436805,-1.07461261,-1.27571217,1.51195443,0.22063499,-1.48618183,-0.56646603,-0.56135376,0.02845122,0.71258369,0.99602724,1.12008849,1.12694311,1.39409768,-0.39663762
402,1,0.46660632,-0.96260448,0.96301546,-1.66891152,0.44032194,-0.6733633,-0.44266751,-0.40434986,0.51683808,-0.8090529,0.44452103,-0.22717551,-0.47640137,0.7212843,-0.03949924,0.11217375,0.72463733,1.3953427,-0.08071522,-0.35131991
407,1,0.48447975,0.52319419,0.17845102,-0.64664866,-1.26968351,-0.37849267,-1.40523951,-0.98260789,0.68555302,0.86262996,-1.05987506,-1.43858574,0.59795722,0.7214846,-0.7031581,1.43015838,1.58827587,1.05736766,-0.24526053,-0.93212042
409,1,-0.61573158,-0.67315147,-0.76598499,-1.69476988,-0.24440768,-0.32639368,-0.33313489,0.33867213,0.09868451,-0.91786374,0.22027076,0.14208378,-0.04975064,0.43469148,0.48870042,1.01524495,1.61481098,0.99501877,0.27301077,-3.13752948
413,1,1.00205503,0.50419553,0.34032311,-1.19560336,-0.99383137,-0.86643777,-0.78345136,-1.48981516,1.27676811,0.76469396,-1.18504293,-1.23454239,-1.02496873,-0.00457463,0.74472937,1.42417275,0.38774234,0.85558761,1.47799989,-0.3946031
416,1,0.87736649,-0.03597455,1.01522369,-1.92967306,-1.0535014,-0.79900975,-0.74344922,-0.56712007,-0.35489209,0.19444622,0.40968741,-1.39234329,0.07062919,0.21665116,-0.49328268,0.45001779,1.42865319,1.34751878,1.35905219,-1.21661954
425,1,0.60440101,0.05713718,0.73480521,-0.37982378,-0.87225368,-0.3895365,-1.70379132,-1.10478952,-0.30761847,0.17511603,-0.99259973,0.2194545,0.03888573,-1.34131415,0.2836497,1.33806391,1.32403407,0.946551,1.36962881,-2.44713388
429,1,1.24986815,-0.03893572,0.27724537,-0.82474917,-0.06978996,-1.39962263,-1.44682803,-0.31246856,1.51893843,-0.20293468,-1.0340501,-0.6256445,-0.19134116,0.92148649,-0.01297032,0.86640532,-0.21224164,0.60195783,0.93567488,0.36844764
431,1,-0.17364284,0.6775309,0.05037166,-1.53107295,-0.99126731,-0.96833267,-1.13183696,-1.08366823,1.47785755,-0.17097914,-0.07724318,-0.63362458,0.59802262,-0.36383482,0.7193534,1.93329178,1.09395944,-0.0632757,0.63839103,-16.60516098
433,1,1.06156133,0.09723593,1.06627236,-1.81604336,-1.49904504,-1.17730501,-1.28401325,-1.32956838,1.58406268,0.9727083,0.68956042,-0.27349752,0.22948264,0.40017363,-0.07787609,1.25306713,-0.23831576,-0.21541085,0.55695084,-0.64351515
437,1,-0.05716716,-0.37779012,-0.23716429,-1.32250213,-1.14492367,0.0770502,-0.7850606,-0.61126461,0.39665316,-0.4209884,-0.73650638,0.27809798,0.61416734,-0.14423599,-0.64757005,0.76515499,1.40266737,1.58749468,1.36388768,-16.73610854
438,1,0.57654232,0.66598483,1.44920993,-1.19542886,-1.32825379,-0.5064867,-1.20605646,-1.35616365,1.32832823,-0.43666413,-1.20486202,-0.82056042,0.78293578,0.1244153,-0.6380019,1.33343664,0.44470097,0.86566011,1.12126382,-0.13018755
445,1,0.66583077,-0.11930437,1.01696782,-1.94564624,-0.74210558,-1.40315101,-1.40966915,-1.0672842,1.3743884,0.16094605,0.34561088,-0.3958983,0.45526705,0.15409809,0.81399575,-0.41089155,0.85141401,0.28768066,1.36775092,-1.21481229
447,1,0.27263683,-0.53320119,0.23958865,-1.55065862,-1.36690217,-0.77864345,-1.2380836,-1.36746884,1.31692326,0.05405494,0.54919385,0.44229501,0.33617177,0.53641505,1.000903,0.46951155,0.65856868,0.54098671,0.41770857,-15.93939772
449,1,-0.18804599,0.64987727,0.22286304,-1.78688005,-0.21562419,-0.05576901,-0.7324179,0.14307488,0.09703468,-0.65820701,0.38254316,-0.88331103,0.05782466,-0.74588626,-0.02523052,0.93481089,0.17366894,1.19497822,1.43469622,2.3470055
450,1,0.42634258,-0.17261075,0.54718451,-0.19197488,-1.59505902,-0.65665477,-1.1180647,-1.38720887,1.70299534,0.47272078,-0.41253445,-0.94436202,0.05555294,-0.93656433,-0.99596193,1.39067952,1.51555318,1.28232132,1.01764555,-0.67908239
453,1,0.8199943,0.40714377,0.38021705,-2.08656618,-0.73121567,-0.38456956,-0.56809033,-0.27988427,1.13202829,0.54999318,-0.15395349,-1.11211708,-0.54936972,-1.08492593,-0.65010727,1.4077589,1.46229869,0.16938302,1.2719823,-3.27830153
455,1,0.72422388,0.16914806,0.18122414,-1.74830795,-1.42521841,-1.30763396,-1.39737893,-1.41343483,1.53115699,0.67654704,0.39559968,0.15410158,-0.09297189,0.86253214,0.10773076,0.82881882,-0.20469629,0.56148514,1.39707403,-0.63031514
460,1,1.16707169,0.06782093,0.74156301,-1.70246915,-0.7657314,-0.45294802,-1.30401893,-0.74512255,1.29950133,-0.84797462,-1.21681269,-1.37674179,0.6026227,-0.09155421,0.45964882,0.56556777,1.50045134,1.20879976,0.89032601,-0.38632582
462,1,-0.05566917,-0.92923117,0.91057646,-1.16364757,0.04895071,-1.26227595,-0.05140681,0.05730972,0.87899278,0.01532158,-0.83622329,-1.20027603,-0.14708365,-0.60618521,-0.17750597,1.47978832,1.72820162,0.62393138,0.68643225,-10.4200017
467,1,0.74693534,-0.1708909,-0.19523868,-1.74195333,-0.98081628,-1.22935361,-1.50144538,-1.11105415,0.94497357,-0.12913041,0.34033666,0.1932656,0.32339258,-0.08045997,-0.0366179,0.98530015,0.76065912,1.34927233,1.53282526,15.10935961
470,1,-0.48102062,0.54955699,-0.30070618,-2.02207665,-0.07033293,-0.14013517,-0.23277031,0.3763876,0.19754098,0.71949134,-0.28336915,-0.63836969,-0.35443357,-0.22615538,-0.21841701,1.53219222,0.84292009,0.71184102,0.03785642,-2.34059847
472,1,-0.22412304,0.30550873,-0.10394679,-1.69604539,0.2587792,-0.46627988,-0.440466,-0.45342943,-0.00005506,-0.35060792,-1.17030098,-1.17981621,-0.28642672,0.73129684,-0.70634708,1.57731637,1.31804257,1.36355207,1.52334872,-0.14249228
476,1,0.74237422,0.10179155,0.47786739,-0.77304559,-1.30433926,-1.52526242,-0.84435561,-0.85311718,1.09050107,0.35250681,-0.14289484,-1.01284843,0.25795632,0.14777823,-0.43817111,0.69098714,1.49007789,0.25787825,1.28431557,0.6329736
479,1,0.23029079,-0.43995304,0.00363195,-0.83616354,-1.35738205,-0.36705056,0.07064387,-0.16376172,-0.17129322,-0.62451207,-0.50192685,0.32905816,0.07430801,0.40700129,-0.59997657,1.22994044,1.58268763,1.22324211,-0.08878463,-14.84377119
480,1,0.92375792,-0.38611634,-0.55297309,0.06714575,-0.85232505,-0.45331429,-0.31589894,-1.0969542,1.52305288,0.86876178,0.8093997,-0.44887279,-0.93702709,-0.04344806,-0.31609865,0.74016924,-0.21954945,0.71401991,-0.02372923,0.85150888
482,1,0.6272044,0.24820043,0.49346352,-1.31023375,-1.85330464,-1.58224414,-0.99925211,-1.70249625,1.26003811,1.08977787,0.40360083,0.20272995,-0.10331761,-0.00341543,0.07989751,0.96792208,1.64263891,0.18025007,0.35854025,-0.91872703
487,1,-0.06776047,-0.37521927,0.14660237,-0.23092308,0.49131196,-0.35524989,0.28761617,0.5578144,1.15279854,-0.96135751,-1.27148911,0.05795412,-0.27669558,0.25233176,-0.70379394,1.56819703,-0.12175858,-0.05957814,-0.09080078,-1.12315141
488,1,0.09508468,-0.686573,-0.14236187,-1.27270259,-0.30961741,0.37187016,-0.11185568,0.22176776,1.16335485,-0.47450129,-1.21736528,-0.52062786,-0.05345543,-0.70623855,-0.73092313,1.27532812,1.05721427,1.15522752,0.88637473,-1.87029914
490,1,-0.14463403,0.55891116,1.24324416,-1.28499939,-0.8607806,-0.49049652,-0.79145984,-1.46125966,1.59001892,-0.0496817,-1.16476365,-0.42072747,-0.83472495,0.66923502,-0.52219611,1.13852505,0.84296036,0.6417862,1.34104305,-0.93731405
494,1,-0.00750213,-0.51769187,0.85020033,-0.01720873,-1.62694787,-1.10010798,-0.73549924,-0.61525048,1.65076796,0.91058026,-0.79331801,0.00143678,-0.13378916,0.08643194,-0.46506098,1.26505872,1.08473994,-0.56890334,0.73206386,-1.51785987
497,1,0.44565911,-0.59502589,0.69615974,-1.60743477,-0.46209586,-0.27757277,-0.29991207,0.26182504,0.54860138,-0.45609079,-0.94831383,-1.26676517,-0.26860736,-0.7272602,-0.30799122,1.254917,1.35066793,0.92521299,1.73402674,2.44462307
499,1,1.01082217,-0.33354376,1.12967458,-1.85037295,-0.52594799,0.25472936,-0.39074049,-0.74408066,-0.19031498,-0.08760675,-0.57792755,-1.35508161,-0.21920663,-0.6072292,-0.36819464,0.80874498,1.86534127,1.13721986,1.04371499,-1.21385623
507,1,1.16376265,0.20017741,1.08537583,-1.40052441,-1.67321869,-1.46107508,-1.34335562,-1.40593377,1.20204674,0.4985211,0.08499724,-0.76302959,-0.03562783,0.34048434,0.24056457,-0.3278578,0.74647892,1.10295438,1.74525961,-0.65994104
512,1,0.8717518,0.08811857,0.5175517,-2.10641368,-1.14340682,-0.22158573,-1.17912428,-0.83505186,-0.53272877,0.41068315,-0.10184526,-0.97630521,-0.13131222,-0.34279474,0.21997512,1.2312279,1.54703877,1.16017049,1.52405107,-2.49714289
518,1,0.72078456,0.86733685,0.39081388,-1.61481744,-0.3805028,-0.58427442,-0.62769553,-0.64559955,-0.90252742,-0.2844894,0.53355451,-0.19682535,-0.02146216,-0.30252122,0.3776364,1.46517023,0.61719626,0.77438976,-0.18616716,-2.33911511
522,1,0.8472418,0.56152509,0.66818516,-1.91168018,0.23646649,-0.37423234,-1.1613734,-0.63891799,0.86523834,0.78173988,-0.98392621,-1.17845478,0.46727118,-0.91415626,-0.78244455,1.23636379,1.43514082,-0.46266689,1.30868005,-0.64924312
526,1,1.6341116,0.28441144,1.47119231,-1.64433345,-1.35109776,-1.05401269,-1.20916074,-1.02150123,1.06204399,0.51764272,-0.74926769,-0.41458316,-0.54829899,0.33653612,-0.03551839,-0.00234757,1.38235673,-0.0403589,1.38218566,0.94515663
531,1,0.48755256,0.61175301,-0.21311022,-1.39200515,-0.54219345,-0.36583161,-0.69004851,0.28948651,1.52004968,-0.39414616,-1.43074512,-1.94679839,0.30434815,-0.66171236,0.47214802,1.09545119,1.65257468,0.53570831,0.66751886,-1.96602012
532,1,0.73118595,-0.39355808,0.16946003,-1.84118428,-1.53290096,-1.54927717,-1.55164291,-1.48563261,1.34112902,0.76661101,0.49319566,-0.22382401,0.46170965,0.39730571,0.27389932,0.66548397,0.76139647,1.11045838,1.40618485,-1.25910285
534,1,0.05167584,-0.24167493,0.31780688,0.617746,-1.69209358,-1.20776459,-1.29089265,-0.66202546,1.48257385,-0.16315028,0.63046339,-0.93761163,-0.54239663,-0.6847015,-0.63794178,1.44965677,1.37999376,0.68505859,1.44527795,0.380941
536,1,0.92643054,-0.05913899,1.31189415,-1.78444153,-1.2146437,-0.63284179,-0.85438831,-0.615117,1.063048,-0.27421006,0.71643824,-1.16923793,0.15495277,0.38720431,-0.1113512,-0.31537466,0.15920983,1.54939085,0.76217648,1.92750722
540,1,0.62969904,-0.019362,-0.39276727,-1.75915181,0.34059426,0.11699631,-0.39357662,0.80040034,0.01743625,-0.70601183,-0.92748999,-0.69902947,-0.78276979,-0.4936751,-0.27516962,1.25477014,1.67169816,0.99266592,0.62474308,-0.62462345
544,1,0.08299836,0.37910713,0.11352275,-2.06326884,-0.12576876,-0.49277321,-0.37553711,0.32618753,-0.65872848,-0.92080303,0.57736591,-1.27886815,-0.2216376,0.14262669,-0.25460093,1.66633181,1.2529761,0.88573515,0.96513468,-1.51531411
547,1,0.62996436,0.2933064,1.00904697,-1.92261106,-1.33172156,-1.08189822,-1.28825028,-0.16992356,1.70977656,-0.53457291,-1.0351261,-0.39914235,0.77827574,0.7968269,0.17007674,0.7167778,-0.30592967,1.05053818,0.91458606,-0.37073233
550,1,-0.21256551,-0.4231741,-0.36091487,0.22958417,-1.00794882,-1.34335231,-0.41254094,-0.6086068,0.98918196,1.22028872,-0.97252515,0.08640842,0.07903872,0.43850673,-0.41807487,0.90939147,1.46048486,-0.57688774,0.92370606,-0.62433384
554,1,0.40614908,-0.89213039,0.3788042,-1.48873207,-0.2252258,-1.12976792,-0.65899961,-0.7855943,1.34161391,-0.33803561,0.80988922,-0.21664424,-0.19872347,0.37663278,-0.70509174,1.28986057,0.98212607,0.5026361,0.55123322,-10.12428232
555,1,-0.35909455,-0.94512799,-0.76341093,-0.85665056,-0.44682722,-0.02746407,0.41343939,0.26731293,0.14198511,0.8162583,0.50052627,0.47839756,-0.98474197,0.75800775,-1.02350158,0.46833166,0.68923552,0.93079919,-0.05747481,-0.84782846
557,1,0.10451796,0.09577645,0.16741995,-1.51100197,0.49781257,-0.4470669,-0.71187042,0.02350172,0.42057225,-0.95335178,0.72385728,-0.96888442,0.66533586,-0.65682731,0.45311727,0.92764334,0.85275172,0.84449026,-0.52779383,-1.84250002
560,1,1.11093991,0.49162568,0.59645954,-1.89189385,-0.52136299,-0.69303913,-0.47496134,-0.54596828,1.27664444,0.81559624,0.30342535,0.36094612,-0.85959493,-0.97954253,-1.12127344,1.42008065,0.4362657,0.06200405,0.21364881,-0.89577147
564,1,0.66697635,-0.17038682,0.46590177,-1.73226983,0.42212639,0.12252528,-0.12490909,0.29240703,-0.36708018,-0.48531402,0.5101772,0.63180899,0.01695381,-1.0572639,0.1965537,-0.36935485,-0.16366469,1.17415745,-0.02934459,-0.5735066
569,1,-0.05048558,-0.46934713,0.08673053,-1.50924673,-1.37513382,-0.91292101,-1.29965891,-1.39946791,1.54983338,1.05247696,0.76622047,0.33550948,0.53547241,-0.08923855,0.84496505,1.07092208,-0.03440625,0.41822924,0.47954629,0.92498479
571,1,0.60913447,-1.08317406,0.35244551,-1.69606165,-0.44993963,0.11953109,0.82716477,0.4394432,1.0586289,-0.39649401,-0.06468752,0.02020883,0.03393487,-1.11509422,-0.2432015,0.78499307,1.59676154,-0.44320794,-0.35038572,-0.60754525
572,1,0.65857068,1.08212146,1.21041439,-1.50785022,-1.34163153,-0.9100213,-1.31036541,-1.47113024,1.9512466,-0.47544185,-0.49411035,-0.21480024,0.11865697,0.08918234,0.16248908,0.75907102,1.39675692,0.56004257,-0.26320089,-0.39641234
576,1,0.80458001,0.42692211,0.77015799,-1.36660864,-0.98420247,-0.46917091,-1.40053562,-0.49507674,-0.42855067,1.00800767,-1.22339448,-1.08039413,0.0626151,-0.66127173,-0.23730111,0.78199315,1.47204733,1.42901704,1.5911661,0.3827783
578,1,0.59641526,-0.18590485,1.06204979,-1.80121429,-0.29993874,-1.4885974,-0.02865263,-0.56261394,0.68545109,-0.02117681,0.59579235,-0.8402664,-0.05697052,-0.34001797,-0.56543254,0.73048278,1.53408414,0.62932704,0.35718364,-0.87528368
592,1,0.36423184,0.64168188,-0.65150675,-1.18417819,-0.37946163,0.39255912,-1.39652614,-0.28568847,0.80395724,-0.3662896,-0.42517385,0.20457821,0.60795357,-0.45332416,-0.59338886,1.36448652,1.51579689,-0.16034288,0.00063526,-15.75105796
599,1,-0.03517152,0.2897053,0.61274494,-1.83894715,-0.68862488,-0.94617558,-1.62017528,-0.05769619,0.14328719,-0.77497679,0.62224458,0.37137721,-0.10116663,-0.21115779,0.25719973,0.97382806,1.30628142,0.25548078,1.4419426,-1.17811616
600,1,-0.03603702,-0.07198716,0.67527182,-1.28921038,-1.58710886,-0.48339401,-0.52264469,-0.95326922,1.53033341,0.53968097,-1.21413573,-0.96747038,-0.82532798,-0.80535984,0.81406611,1.478706,1.07537707,1.23912352,1.40338637,0.12079902
601,1,0.36251506,-0.01197459,0.86686455,0.00344392,-0.95068645,-0.79300447,-1.31335739,-0.79449986,1.56761174,1.02682676,-1.11500712,-0.67655461,0.33770372,0.41505318,-0.58839227,1.22872044,0.10334222,-0.13527912,0.46667429,1.8876943
607,1,0.39764559,-0.47211707,0.35009792,-0.83938729,-1.11207236,-0.01030694,-0.44899373,-0.20003258,0.5356172,-0.512412,-0.39390553,-1.80272158,-0.03661351,0.67831978,-0.2347006,1.12477507,1.49980106,0.40706771,1.06993886,-3.1711544
614,1,0.26664032,0.82355783,0.42534875,-2.01990756,-0.1181817,0.24223967,-0.04841479,-0.26619714,1.1862491,0.42619845,-0.56441841,-0.70362112,0.53826438,-1.15349897,0.64324905,0.03799632,-0.02944314,0.37403649,-0.06009753,-1.84165986
616,1,1.32014349,-0.22020407,0.33871083,-1.70980558,-1.56725777,-1.50819967,-1.44414328,-1.39730406,1.08044633,0.40301798,0.40863328,-0.37922271,-0.34642435,0.03093317,0.50694353,0.45446021,1.63929399,1.12507925,1.26489943,-1.27283848
619,1,1.25431734,0.28381286,1.16556719,-1.07652892,-0.60405347,-0.43804719,-0.05853247,-0.43788187,0.72179494,-0.4549587,0.37167199,-0.57230267,0.07626098,-0.28839129,0.60931434,-0.26956359,0.36031509,-0.36222309,-0.28057147,-0.5920703
620,1,0.51780348,-0.53253433,0.40843465,-1.9853816,-0.64165836,-1.51334087,-0.33645881,-0.37638572,0.37907594,1.00718108,-0.66346974,-0.56910089,-0.26648542,0.59381397,-0.56834357,0.98318292,1.08677713,1.06105407,1.41583607,-1.93843638
629,1,0.08473634,-0.08044199,0.28924131,-0.75857511,-0.27002064,-0.56066959,-0.10134185,-0.7039253,0.14415033,0.44951329,0.67803129,0.31425234,0.73877995,0.35545522,0.48354241,-0.55078611,-0.15100198,0.13093756,-0.49187747,-2.9801282
633,1,1.02126632,-0.64525381,1.16648199,-1.85736829,-1.41305529,-1.38358819,-1.49946501,-0.40138356,1.61021815,0.09029874,0.67532908,-0.33181336,0.76378157,0.17023505,0.1058157,1.2614932,0.44670118,-0.33295573,0.55326226,-0.92622906
634,1,1.33742755,0.42026474,1.01861477,-1.83661034,0.18485373,-0.19959181,-1.19577985,-0.00425195,1.06060893,0.3970194,-1.01256616,-1.11099512,0.02720806,-0.14322422,0.2846469,-0.70803393,-0.15997156,0.68493166,0.9554492,0.90214583
640,1,1.11328061,0.6459716,0.28163824,-0.7051859,-1.53920382,-1.00003525,-0.37545,-1.68585279,-0.65013874,-0.14482435,-0.59527718,-0.63257066,0.80582741,-0.29360132,0.65018766,1.26061822,0.55829762,1.12163671,1.18468194,-1.94071117
643,1,0.19460485,-0.64946918,-0.36972912,-1.08960835,0.22334302,-0.22540708,0.21045734,0.34395074,1.62363196,0.24273017,-1.17248195,-0.33792602,-0.05754988,-0.0604607,-0.598124,0.67210592,0.09771791,0.00322302,0.94899135,-0.59395978
644,1,0.5284575,-0.70269773,0.36961897,0.06937809,-0.97401792,-0.51835503,-1.15534299,-1.2314419,1.22744441,0.37591203,-1.04144166,-1.20071928,-0.30133814,0.38602616,-0.16449773,1.77352354,0.6171886,1.3107968,0.63150628,-16.53523067
646,1,0.93228564,-0.83270437,0.52977474,-0.87877255,-0.38999103,0.41907193,0.47796048,-0.50091593,0.78109745,-0.33764692,-0.18248566,-0.77580463,-0.5030667,-0.09298414,0.33715009,0.05753544,0.95448356,0.00899276,-0.00398016,-0.34441176
649,1,-0.22798256,0.26572325,-0.09261769,-1.23085618,0.27333365,0.1486165,-0.24027699,-0.32855782,0.21472859,-0.70399767,0.10188149,0.0380936,-0.37816358,0.15098055,-0.46511755,0.93603626,1.40990179,-0.26275381,0.39102817,-16.11655648
654,1,0.56140292,-0.3314058,0.3734897,0.14325189,0.46773353,0.3132841,-1.17729545,0.54745858,-0.27730527,-0.09200265,-0.99922495,-0.88755384,0.10355169,-0.57247008,-0.26719813,0.62057496,1.09313765,-0.66185006,1.04242121,0.85054599
658,1,-0.5722481,-0.16581551,0.33989735,-1.74437096,-0.61773273,0.20146869,-0.08985338,0.39950025,-0.40810827,-0.29414838,-0.25176465,-1.71009204,0.33830877,-0.48114314,0.17755812,1.44151096,0.91490133,0.90102953,1.62110216,-1.1816296
660,1,1.17763485,-0.69042267,0.21219727,-1.7027074,-0.83903622,-0.55878627,-1.26701289,-0.48624168,-0.48957596,0.98575423,0.98487827,-1.12090834,0.91752249,0.14720656,0.26152244,0.25003573,0.82558492,1.40068007,-0.0083254,0.91279503
661,1,0.61361931,0.16212453,0.68072455,-1.88441556,-0.46974804,-0.23126077,-0.37898814,-0.25076626,0.9744819,0.08302536,-1.40959335,-1.30408858,-0.13890899,-1.32803474,-0.52451056,1.3177504,1.46942538,1.28487358,1.33428998,-1.58886127
668,1,0.53626445,-0.198231,1.30295307,-1.30605026,-1.6590204,-1.33362206,-1.45106469,-1.35172991,0.68170263,0.22538758,0.42660379,-0.09926699,0.68942095,0.42297385,0.70092083,0.49778423,0.58614324,-0.22593245,1.55476314,-0.35665209
669,1,0.35848147,0.55842618,0.93868145,-0.83338332,-1.49556388,-1.20208198,-0.99864814,-1.49085654,1.10337755,1.39605288,-0.68268273,-0.66752041,-0.25381252,-0.05020259,-0.49323691,1.08354984,0.89731005,0.60609215,1.22601745,-0.93202899
673,1,0.48273278,0.06659686,0.60018076,-0.47381113,0.05425468,-0.63448433,-0.80094522,0.16263967,0.16963598,0.94635712,-0.13776994,-0.99613909,-0.71040411,-0.54664755,-0.24130917,0.75700777,-0.22354089,0.59544497,0.93020084,-17.15381028
676,1,0.73093622,0.17636682,0.72850266,-0.3988963,-1.53476726,-0.91055517,-1.62962316,-1.21147301,0.39778592,0.94373293,-1.02136523,-1.08825107,-0.31490859,0.15895642,-0.66646929,1.19760258,1.56214537,1.35400466,1.5262755,-0.13321104
679,1,0.85599824,-0.12213074,1.22501194,-0.96312125,-1.60408378,-0.69739882,-1.4067724,-1.51143408,1.15541348,0.41044171,0.0740984,0.5584087,-0.13852333,0.13033801,0.81824805,0.51019818,0.03404944,-0.28710299,0.95836124,-0.35281265
680,1,0.44390335,0.86999989,0.63407194,-2.17908876,-0.53809433,0.24337562,-1.03957542,-0.02588273,0.77095644,-0.03091078,-0.50054653,-0.32109764,0.30390847,-0.68442061,0.28250974,-0.30327792,0.96373224,-0.33006598,1.44050301,-2.39955587
681,1,0.44068921,0.11573098,0.23552697,-1.62473008,-0.90677747,-0.89043825,-0.24691293,-0.28808307,-0.91453472,0.22961882,-0.63012748,-0.78051304,-0.00351663,-0.46346651,0.95734666,1.42459627,0.78429204,1.02348438,1.53781485,-1.51733922
682,1,0.87896077,-0.20912304,0.60946281,-0.81737064,-1.72658872,-1.5713752,-1.15339788,-1.59870056,1.46710142,0.59184682,0.39141617,0.19772122,-0.1515697,-0.44215748,0.91334925,0.49993001,1.08263622,0.01157348,1.02628505,-1.56990131
683,1,-0.38268894,-0.09052321,-0.58314344,0.21694966,-1.40084585,-1.19454932,-0.96148327,-1.80012674,0.58015125,0.35761377,0.73163726,-0.42668517,0.72713296,0.53274846,0.2267881,0.4224382,1.39222602,1.00620541,0.64615485,-0.60709315
684,1,-0.25527612,-0.24268552,-0.39574849,0.35320123,-0.94664475,-0.54695569,-0.14259043,-0.35452236,-0.51806243,-0.84632722,0.22848743,0.29050928,0.1799178,-0.44182856,-0.16873942,0.65957748,1.24818853,0.97924209,0.92025715,0.1073175
686,1,0.23610309,-0.91097483,0.14137678,-0.27765631,-0.76042325,-1.14187379,-0.57869677,-1.41543105,1.5539208,0.3042762,0.08123022,-0.96704323,-0.88480668,0.56612114,-1.041456,0.94896096,1.76495801,0.81256571,1.568849,0.3694591
690,1,0.71015094,0.08620802,0.63092321,-1.78616538,-0.18474502,-0.87882537,-0.54268706,-0.50290379,-0.07834047,0.77646563,-1.21401325,-0.40621558,-0.43954747,-0.37656938,-1.10171712,1.38261539,1.51358088,0.94788397,1.46390185,-0.92460833
693,1,0.85461636,0.46021863,0.13421156,-0.24867928,-1.39469697,-1.09529942,-1.44333733,-1.12803184,1.51992837,0.66562037,0.28154341,-0.77805898,-0.057744,-0.97224447,-0.10375578,1.14859685,1.23117449,0.5171503,0.40878773,-15.55556298
694,1,0.61482255,0.32642563,-0.04433703,-1.72725544,-1.48973797,-0.56395298,-1.14254682,-0.53077998,0.83921818,-0.21664457,0.78801593,-0.67716481,0.40428764,0.91948296,0.34669462,0.58499848,0.46935786,0.67841355,0.4207022,15.51846438
695,1,0.87183021,0.23988127,0.59468356,0.51614007,-1.37475462,-1.27648348,-0.05630958,-1.39398226,0.40279526,0.10861964,-1.17637722,-1.09379197,0.26557725,-0.95654796,-0.63939089,1.17047703,1.75296375,0.55009411,1.49457583,-0.38758902
697,1,0.88214762,-0.75239652,0.65371392,-1.69719717,-1.53566068,-0.88169846,-1.16415757,-1.15216375,1.31141883,0.7799477,-1.18368558,0.09376379,0.8764993,-0.25469376,-0.01269053,1.31438513,1.17181963,0.48807786,1.06257024,-0.65695524
703,1,-0.43368967,0.28502222,0.21881599,-2.01583557,-0.7941994,-0.77589401,-1.32573576,-1.02310183,1.46724461,0.53675005,-0.41907807,-0.67867539,0.86381668,0.59439715,-0.00280083,1.31086962,0.97734835,0.78922669,0.42551917,-1.2072541
704,1,-0.14522348,0.29593882,0.71803461,-1.75912184,-1.35692401,-1.31319579,-0.90521796,-1.06655726,1.54817113,1.22692296,-0.45293327,-0.14808453,0.03433315,0.79219427,0.42542654,0.25005164,-0.17265311,1.01584247,1.01299566,0.65417919
708,1,-0.15355464,-0.41446902,0.0197484,0.32951551,-1.46624253,-1.33741504,-1.6474396,-1.73457111,1.36347381,0.50918641,0.517453,-0.48595809,-0.19053429,0.23423974,0.30955111,0.68255916,0.93700118,1.11748874,1.40996726,-1.56921063
719,1,-0.24844076,0.58008622,-0.13020085,-2.09642607,-0.07821425,-1.09901676,-1.1200461,-1.05778837,0.96547742,-0.46119659,0.41766301,-1.29651621,0.62273464,-0.04566338,-0.07560792,1.35069295,1.59389126,1.10148254,1.07708922,-1.58004356
723,1,0.66328016,0.41725771,0.81611874,-1.74686124,-1.7599039,-0.67915254,-1.01544788,-1.4682749,1.33132888,0.37918628,0.61721737,-0.40463506,0.17014033,1.08674497,-0.08357478,0.45113386,0.37745955,-0.557717,1.40569945,-0.91042061
726,1,0.82026206,-0.72455431,0.00839999,-1.79099321,-0.83238204,-1.33841019,-0.96026071,-1.40515573,1.50531644,0.15370491,0.46367181,-0.17811373,0.42803955,0.38058189,0.73289543,0.12689752,1.00091228,0.92190668,0.68728136,0.39978233
735,1,0.85366508,-0.19877523,0.9946139,0.61856681,-0.41648003,-0.65704879,-1.1846765,-1.01350609,0.66301139,0.24001469,-0.75103233,-0.84919073,0.44720602,-0.98223903,0.31939516,0.61042481,0.46483805,0.13777601,0.70343681,1.14593271
738,1,0.27722821,0.17268199,0.55684435,0.15502392,-0.09562147,-0.11762985,-0.45047754,-0.66455103,1.21870014,0.20445836,-0.89310847,-1.06344821,-0.37293546,-0.70105964,0.06080347,0.85694751,0.90655618,-0.45931018,0.40889772,-3.0498989
747,1,-0.47347504,-0.01914878,0.38212136,-1.19592412,-1.51422651,-1.14864705,-1.39476348,-1.51475793,1.30614913,0.93206429,0.01657435,0.18510713,0.27632875,0.33293653,0.28391371,0.32150418,1.55064673,1.23192437,0.44167238,-0.63311612
759,1,-0.20655842,-0.57234222,0.684493,-1.05606616,0.02520497,-0.31121643,0.51028489,0.34341987,0.46925877,0.92214321,-0.70059041,-0.87487344,0.41512899,0.29031422,-0.16852784,-0.14835647,-0.00590737,0.39500742,-0.01081658,-0.57101823
772,1,0.31697235,-0.01542577,0.35258865,-1.52747499,-0.8129565,-0.39194043,-0.10957762,-0.31315051,-0.06014353,0.44711936,-0.07141571,-0.20553174,0.83467615,-0.30629488,0.37151479,0.15906073,0.35475877,0.01961207,0.95760881,-0.81739295
776,1,0.49140007,0.28625194,0.93188782,-0.97392651,-1.72626297,-1.11765911,-1.68965622,-1.53265471,0.75556242,1.01696281,0.022044,-0.31606948,-0.58585895,0.03642738,0.45956431,0.6377231,1.4688803,1.4166596,0.4187242,-1.58717179
781,1,-0.09243395,-0.19345758,-0.12379569,-1.09512749,-0.69133605,-0.17918252,0.34616833,0.13763232,-0.08785259,0.16611922,-0.61887399,-0.43477869,0.74422145,-0.54127792,0.37431572,-0.1311224,1.5188731,0.66545302,0.23645571,-3.02340022
782,1,-0.19805423,-0.46953155,0.15279316,-1.98664581,0.66027266,-0.08507896,-0.56491255,0.71802108,0.53570067,0.38443691,-1.53059629,-0.77981622,0.22579808,-0.25606474,-0.04402839,0.38191057,1.46348143,0.96300133,0.42931285,-1.88672773
785,1,0.46559476,0.47087708,0.98329446,-0.47465198,-1.25691258,-1.443432,-0.87326871,-0.51710749,-0.31552731,-0.57676805,-1.18691,-1.02878575,-0.0291137,0.42478157,-0.37604499,1.47343043,1.53555145,1.39964015,1.32535266,-0.40512076
786,1,1.08609686,-0.15636762,0.5038062,-1.93376774,-1.73866866,-0.96237976,-0.25269499,-1.57790785,0.01472876,0.78669335,-0.06982288,-0.32493193,0.53026161,-0.1572452,0.02785332,0.69941749,1.17132105,1.4484963,0.90511169,-1.56426525
793,1,-0.07980538,-0.14589488,0.79023363,-0.65215583,-0.80766325,-0.26590749,-1.27893041,-0.83790141,1.1723068,0.98075093,-0.61471371,0.73124368,0.07753129,-0.93670766,0.43813902,0.7001506,0.08138648,0.08585252,0.56208507,0.86176021
798,1,0.35880124,0.51762014,-0.1899548,-1.63280172,-0.26531928,-0.1230866,-1.35897458,0.19835815,-0.17498496,-0.32741212,-0.94194288,-0.35422944,-0.11555424,0.38275631,0.35309567,1.01056822,1.44937445,-0.28639473,1.50008117,-15.51178813
801,1,0.99458735,0.40947553,0.66875509,-0.2150733,-1.37180497,-1.16798913,-1.01409944,-0.60386453,0.88736494,-0.30797265,-0.97250723,-0.95793728,-0.90833064,-0.60099721,-0.32980156,1.26284212,1.67979927,1.24321371,1.30433993,-0.6757077
808,1,0.22477483,0.53401529,0.97938089,-1.7022905,-1.57918192,-0.84155077,-0.69617721,-1.30821871,-0.48666504,1.10701673,-0.41242921,0.28146247,0.70639824,0.68096724,0.37651161,1.53381535,-0.31976421,0.26254542,0.6593895,-0.35841479
810,1,-0.33173957,-0.76986734,0.08259037,-1.14715666,0.09089839,-0.90166432,-0.41214133,-0.27064526,-0.32759895,-0.14180328,0.31190517,-0.66392239,0.31254452,1.04256778,-0.10326618,1.07270632,1.82077423,-0.21268838,0.54850688,1.8449863
811,1,1.08905767,0.24561031,0.18065273,-1.53773035,-0.98972264,0.01969907,-0.05512897,-1.23738401,-0.03456036,-0.65825085,-0.21360256,0.50661491,-0.14822857,0.42683647,0.03113518,1.44038719,-0.0069052,1.15204482,-0.21052484,-2.35171912
824,1,0.16440906,-0.15351399,0.08384036,-1.01215069,-1.39126822,-1.19090401,-0.86573166,-1.1329973,0.46012886,0.97330899,-1.15005239,-1.29278909,0.68083576,0.36083757,0.91822582,1.13620234,0.77234532,1.1731785,1.46609477,0.94480697
825,1,-0.00891407,-0.2508893,0.11450983,-1.75121997,-0.4391451,-0.16514923,0.04717461,0.10055232,1.35441364,-0.81452813,0.4617362,-1.2094365,-1.00819566,0.67443984,-0.26711052,1.40776237,-0.35606301,1.24603223,0.86403045,-0.89134127
826,1,-0.12620287,-0.72938806,0.15734475,-0.66989199,-1.66125837,-0.6448366,-0.7240954,-1.08736775,1.25112602,0.66898119,-0.20016403,-0.65102903,-0.26503269,-0.04376734,-1.06161777,1.54457364,1.71976628,1.18191802,1.340942,-0.15516957
829,1,-0.18966151,-0.97714458,-0.71644907,0.25724442,-1.12741481,-0.55084159,-0.23827536,-0.40373594,1.4194108,0.54405176,0.65617215,-1.21330511,0.37234574,-0.50150812,-0.89480208,0.84876881,1.55474131,0.34654088,0.8138623,-0.89615622
830,1,1.19939404,0.29876746,0.6326886,-0.55018366,-1.47043779,-1.56596081,-0.72588395,-0.95899735,1.50266958,0.64822938,-0.83746202,-0.52660278,-0.10071726,0.75862794,-0.60110192,-0.01587134,0.91582669,0.47332546,0.92368973,-0.90640116
838,1,1.36017317,-0.06320199,0.40426225,-1.79571408,-0.93484324,-1.58447638,-1.33515714,-1.11005117,1.24683182,0.47360593,0.74340171,-0.55833538,0.6804874,-0.3796332,-0.12388963,1.20594997,1.05645267,-0.34872761,1.0628649,-0.93505789
839,1,0.32560855,0.69467451,0.91593002,-1.57676258,-1.27812643,-0.65365651,-1.22026709,-1.07946445,-0.2560828,0.77381943,0.30135712,0.04068638,0.64860264,0.19068281,0.48660507,0.50834767,0.05698532,0.58081534,0.540245,2.33725889
840,1,0.61730899,-0.21843932,-0.25707882,-1.64746162,-1.0504276,-0.05637844,-0.5611053,-0.582963,0.62932001,0.68740906,-0.98789886,-1.0345947,0.42516466,-1.04648133,-0.48309809,1.40890322,1.65638979,1.18446292,1.31696843,-0.39719863
842,1,0.70467284,-0.44883503,-0.36289821,-0.37184806,-1.48273817,-1.3930352,-1.50254585,-1.52992452,0.38427525,0.70917848,0.55166267,0.03899084,-0.2258156,-0.00291319,0.101676,1.29506594,1.49662482,1.21942303,0.81898396,-1.21964098
844,1,0.57866861,0.00012178,0.14609793,-2.12181601,-0.37562546,0.40692852,-0.70446142,-1.05721984,1.59066507,-0.40707527,0.55003107,-0.83035866,0.44871921,-0.42806556,0.66999973,1.19682622,0.57471357,-0.73383613,0.49568664,-2.4236088
845,1,1.03726333,0.60931186,0.39201835,-2.05284934,-0.13860512,0.52891883,0.59866784,0.26858614,0.67355554,0.04314998,-0.80115889,-1.51164541,0.34242401,-0.78592506,-0.43273791,0.28103465,0.36016098,-0.00178334,0.58961356,-1.875263
853,1,0.68614188,-0.41024787,0.94197932,-1.74876448,0.63723647,0.41319989,-1.3618554,0.47758813,1.24248957,-0.32762459,-1.12989548,-0.54563304,-0.13194678,-0.89023345,0.01292885,0.91192733,0.53002029,-0.30686468,0.99955404,-0.10480915
856,1,0.71657511,0.31237289,0.94394535,-1.83555505,-1.18014101,-1.47977351,-1.54716129,-1.42148883,1.0141174,0.61112975,0.05077618,0.32426272,-0.07412933,-0.0427618,0.58550608,0.48522154,1.38828516,-0.54741574,1.69623438,-0.93607178
860,1,0.97839948,-0.08163092,0.24060101,-1.99309243,-1.32842811,-1.0341322,-1.27670419,-0.65134113,1.46833049,-0.00611694,-0.9374221,-1.1624328,0.08493723,0.49408015,-0.07355304,0.78519392,1.22499049,1.37440235,1.89391874,0.97176512
872,1,0.7647466,0.07605958,0.80961149,-1.89452482,-1.18382836,-0.50505499,-0.75434976,-0.93707673,0.98656005,0.42681059,-0.00531105,-1.44569659,-0.79625634,0.68370356,0.69543129,0.02549601,1.32677547,1.16393125,0.56297275,-1.55364832
880,1,0.99894968,0.72568925,0.53878867,-2.00176681,-0.0451812,-0.94367766,-1.1634692,-0.25647693,1.36650097,0.12568576,-1.16933269,-0.73977315,-0.36037494,0.66111331,-0.15318244,1.48112657,-0.10831263,1.40656767,-0.36287423,0.13384934
881,1,0.66268685,-0.0547668,-0.01590457,-1.1678524,-1.36960999,-1.41525163,-1.36874391,-1.53999775,1.1031055,0.84691722,0.5617887,0.23069874,0.09038566,0.83727081,0.89889957,0.9520275,0.43471658,-0.47760225,0.79123217,-1.20776746
882,1,-0.27963877,-0.43434068,0.50377216,0.0225006,0.32195169,-0.70766751,-0.74589202,-0.43416881,0.10339118,0.55524577,-0.52791049,0.22236166,-0.59288409,0.04064035,0.54344082,-0.23673951,1.25072833,0.31014216,0.08506716,-0.34183887
887,1,0.72845809,-0.08158,0.57640921,-0.27116113,-1.40342656,-0.46446088,-0.91417594,-1.0527277,1.62766664,-0.59595819,-0.2336182,-0.62953191,0.33262643,-0.83343741,-0.68917305,1.23072867,0.27570381,1.25447453,1.14318359,-1.20298006
891,1,0.12436366,0.64255664,0.26439333,-2.02754498,-0.90734563,-1.30812605,-1.09100565,-0.8163479,-0.3710481,-0.65914984,0.5866492,-0.36709546,0.34161174,0.67599639,0.81111954,0.14955011,1.44632895,1.24328422,1.26180983,-1.21229637
892,1,1.1923441,0.45185132,0.55999934,-1.7816911,0.34903495,0.7757009,-0.12740951,0.26249172,-0.21834355,-0.5792705,-1.07463344,-0.53144952,-0.65229417,-0.21217773,-0.41147397,0.48812683,0.9470003,-0.29354593,0.85573996,-0.34633147
896,1,0.61874282,0.05749229,1.27398796,-1.85877536,-0.72743936,-1.35058476,-1.02770482,-0.56935898,1.48796242,1.09613665,0.64386454,-0.23943089,-0.18223723,-0.17459374,-0.13302482,-0.12470295,-0.00725062,-0.35581178,1.57272863,0.90935972
897,1,0.7850571,0.40321064,1.02547245,-1.78363658,-1.5657884,-1.60421327,-1.59754387,0.07948471,-0.48336997,-0.31153345,-0.1382956,-0.02833987,0.1955179,0.61942161,0.69641535,0.27965723,1.29248798,0.89620493,1.23979111,-0.90966866
900,1,0.53877724,-0.10657212,0.17877141,-1.80002826,-0.67104282,-0.79192694,0.28138447,-1.00707843,1.28618317,-1.11581916,0.17370701,-0.98630151,-0.60639842,0.46399898,-0.96005853,1.42879895,1.65584706,0.57739969,1.46035821,-0.66477777
906,1,0.89002907,0.04955924,1.32501059,0.0588372,-0.42819969,-0.07059255,-1.38084061,-0.08865529,0.99952112,0.65111514,-0.47397306,-0.70680989,-0.51214944,-0.232112,-0.22356985,0.65419447,-0.4422419,-0.17794068,0.10881813,1.11959352
911,1,0.0198254,-0.30719218,0.7690879,-1.83522435,-1.50307068,-1.00349773,-0.5717426,-1.24913008,1.61241791,0.41764587,-0.22516795,-0.55464238,-0.05689434,-0.85195433,0.15370686,1.56902468,0.98266977,1.27090962,1.36322861,-0.95464058
913,1,-0.2197035,-0.73476455,0.08159516,-0.14059404,0.20143646,0.20070713,0.30002649,-0.0730214,-0.17439464,-0.57216405,-0.46139099,-0.54338038,0.30902106,0.10596599,0.11179436,0.79414672,0.42201736,0.66484298,-0.27214016,-15.17711191
914,1,-0.06698917,0.02127902,0.24763083,-1.50157915,-1.63999352,-1.28799627,-0.72112522,-1.54424257,-0.01981778,0.39014482,0.5039184,0.37725645,0.01957306,0.40146405,-0.6543991,1.35215427,1.55530726,1.21193567,1.35547895,-0.64443068
917,1,-0.3514573,-0.7417606,-0.12068901,-0.10783027,-0.72274081,-0.16657527,-0.10471284,-0.45213369,1.56302443,-0.80203226,-1.13882389,-1.29165786,0.34439894,0.27232271,-0.67476694,0.53865533,1.49868532,1.3506161,1.10747791,-0.39130507
923,1,0.98643656,0.2692385,0.77737607,-1.76397845,-0.48079305,-0.65566763,-1.05912079,-0.54675103,1.07806104,0.934077,-1.42637771,-1.06803597,0.43173816,-0.86646664,-0.23725763,1.07209082,1.57273526,1.3273297,-0.34463421,-0.66109446
925,1,1.1521618,0.06728135,-0.27389947,-1.62014541,-0.18271187,0.36050821,-0.64720695,0.15777319,1.30655261,0.17056224,-1.05618507,-0.95240942,-0.28070801,-1.15900034,0.54715405,-0.50392838,0.40385035,1.26558357,1.24476755,0.37215902
927,1,1.08756202,1.31164367,1.3171351,-1.41734105,-1.40453975,-1.25658995,-0.81574993,-1.26562952,1.24705214,0.17502033,0.44972982,-0.27282627,-0.23938372,0.57362049,-0.11501818,-0.08975107,0.20903104,-0.64052032,1.14655515,0.38697049
929,1,0.76345731,0.22735853,0.14249602,-1.27253447,-1.3435908,-0.85928507,-1.35736598,-0.9011919,1.41351921,-0.09673559,-0.61724246,-0.2296402,-0.52979819,0.69183375,-0.04189826,1.0904347,1.61876018,-0.08708343,1.38850665,-17.13314131
933,1,0.25659429,0.55559916,-0.59258639,0.03629669,-0.38660528,-1.38169459,-0.98987357,-1.02334916,1.27112918,0.27680425,-1.08900892,-0.96238917,0.01710849,-1.15957834,0.53513122,1.37041968,1.71063349,0.57096388,0.98440509,-0.65464526
935,1,0.98448129,0.56367598,0.50276183,-0.1613211,-0.27681545,0.00657326,-0.74108113,-0.28586456,0.74947724,-0.20551153,-0.22537735,-0.68024592,0.3956659,0.15419721,0.25799644,-0.53842497,0.17380057,-0.46027463,-0.21371308,-1.08181819
939,1,0.55646211,0.92126288,0.62815143,-0.13055291,0.03763504,0.05402442,0.3006269,0.16335527,-0.10323691,-0.13977579,-1.33748178,-1.09292877,0.15160589,-1.20951486,-1.27269746,0.57788349,1.25969597,0.3656098,0.26987528,-1.46499227
940,1,0.90452848,-0.00932452,-0.13830687,-0.11139008,0.17436282,0.50609383,-0.95944719,0.01406641,0.07389315,-0.32408844,0.39882174,-1.3120413,-0.31518348,-0.91513849,0.0684295,0.18235246,0.90499334,1.2537816,-0.39640296,-0.34663852
941,1,-0.44140113,-0.4013037,-0.26608531,-1.82499631,-0.46962743,-0.35026129,-0.74613826,-0.71364811,1.43165827,0.12196117,0.4526985,-0.87222449,0.13692543,0.47663944,-0.30852283,1.49577018,0.75506565,0.28049266,1.24299756,-3.17844003
949,1,0.15228963,-0.28311056,0.03575164,-1.85779009,-0.0048198,0.11125398,-0.50003462,0.20781508,0.11680559,-0.25780795,-0.30188438,-0.83516869,-0.92814541,-0.15779866,-0.17080935,0.70437005,1.43484282,1.54977754,0.98446318,-17.09884539
951,1,-0.30851874,-0.47590009,0.71596299,-1.56608797,-0.83706001,-0.79542138,0.05114966,-1.33830346,1.51140068,-0.33911155,-0.56706459,-0.48178143,0.20362635,0.00640709,0.0161232,0.52162736,0.97799128,1.55517774,1.14978287,0.62299498
953,1,-0.38333656,-0.54186025,-0.33309257,-0.10890051,-0.61333888,-0.88186658,-0.14834263,-0.11383548,-0.4057392,0.57453683,-0.73078248,-0.41846386,-0.98752171,0.73284144,-0.69655818,1.48833086,1.37263138,0.90280015,1.29249823,-1.48746746
963,1,-0.22366888,-0.95197091,0.56952562,-0.60237751,-1.18646432,-0.07863828,-0.77696622,-1.87320777,1.34704972,0.19224435,0.12293831,0.55817176,-0.86493342,0.43077793,-0.75402594,1.48086779,1.41569208,0.16759946,1.02738623,-1.54911218
964,1,0.99535622,-0.33254117,0.72092185,-1.6362558,-0.58959199,-0.35495404,-0.35439757,-0.74710933,0.09118551,0.64942266,-0.7932979,-1.67008854,0.96373353,-0.59983949,-0.88390094,0.40530467,1.58044668,1.05812022,1.49748543,0.1267745
968,1,-0.34390968,-0.03237926,0.0311615,-1.64882539,0.54411467,0.86735432,0.86151176,0.72718687,-0.49650605,-0.32546839,-0.76171272,-0.36427844,-0.27031595,-0.2501429,-0.54764872,0.6844697,0.20257868,0.56434097,0.55846903,0.59694469
970,1,0.50849394,0.07435505,0.533454,-1.70418276,-1.16587083,-1.40322741,-0.51203072,-0.79447843,1.63305199,-0.48098889,0.4591265,-0.31888558,0.46495132,0.7460043,0.26128162,-0.44740487,0.17178371,0.78438341,1.19018365,-0.36078158
972,1,0.38518435,0.11588691,1.20361933,-1.84526119,-1.62361057,-0.43948518,-0.62709125,-1.38549996,-0.4066017,-0.08381343,0.02883195,-0.34504835,0.08014523,-0.27632912,0.75554308,1.57569838,0.68226608,1.35687098,0.84869446,-0.62994486
978,1,-0.17444306,-0.42101074,1.29769939,-1.73963004,-0.5421999,-0.48567925,-0.75437693,0.11834248,0.02402337,-0.29362603,-0.53224538,-0.79235848,0.85788332,0.57294971,0.05263324,0.80162114,0.30363345,0.86936016,0.83742355,0.60933972
984,1,0.71624552,-0.54537139,0.39205197,-1.13551309,-0.64409844,-1.4357194,-0.67909904,-1.1700071,0.10910364,0.96205957,0.08826909,-1.65796304,0.37964343,0.35418383,-0.55495408,1.70688978,0.79526114,1.07059448,1.24842313,-0.92574272
993,1,0.31845263,-0.44375037,0.4894354,-1.70253696,0.5615798,-0.29345515,0.11212422,-0.22092192,-0.54657131,0.14552761,0.22655642,-0.95414058,0.14021588,-0.64713068,-0.63483139,0.9317729,-0.04257528,1.61896654,0.94128224,0.60353514
998,1,0.98424086,0.77829837,1.08281585,-1.89699785,-0.93674638,-0.53768372,-1.55426568,-1.4067313,0.09790067,0.60728784,-0.2349539,-0.62030213,0.07854803,0.52836129,0.82732981,0.91453314,0.03430718,0.67764955,0.57640837,-1.1943605
1011,1,1.47057976,0.47205051,1.29755731,-0.80695136,-1.56776573,-1.10430415,-0.79076608,-0.87138813,-0.06095511,-0.6686635,-0.54406872,0.0796595,0.21673782,-0.58416187,0.42052857,-0.06564611,0.71003453,1.3751154,1.02240736,1.53182363
1012,1,0.03347345,-0.76455412,0.28791349,-1.06810107,-1.50135918,-0.81076785,-1.27098248,-1.11000889,0.67516849,-0.13101953,0.09727396,-0.68105581,-0.44001407,0.9056219,-0.10332356,1.50394811,1.39887197,1.4616725,1.51724269,0.37441286
1014,1,1.18839324,0.70592261,-0.08412462,0.45937204,-1.35721946,-1.1659709,-1.07158275,-0.6575503,0.57381606,0.63442008,-0.29909364,-1.33200627,0.60538607,-0.48121768,0.3572517,1.37688152,1.28025661,-0.36788679,-0.36504752,-0.37067775
1016,1,0.96742449,-0.03971739,-0.09422859,-1.89775508,-0.46540269,-0.79821165,0.424,-0.17354009,1.01424958,-0.22096425,-0.55069516,-0.62453682,0.42809284,0.64282012,-0.77554845,0.58426414,0.23307859,-0.04168833,1.38813619,-0.3498986
1024,1,-0.42155326,0.08222858,-0.15610342,-0.11624027,-0.35631988,0.22672044,-0.00491368,-0.27990348,1.31223139,0.12251864,-1.06188978,-1.2371378,0.42177793,-0.74787684,-0.35775947,1.46573819,1.17024877,0.2749128,-0.33667886,15.15358878
1030,1,0.69698808,0.03913665,0.42764866,-1.34294214,-1.36747412,-1.75622656,-0.20289889,-1.72021355,1.23975572,0.11613629,-0.13458049,0.28826562,0.4034756,0.07174001,0.75209699,0.34665348,0.40546249,1.20883938,0.52813678,-2.46617649
1038,1,1.62184923,-0.25264193,0.62941449,-0.50665212,-0.38865453,0.14821911,-0.03354647,-0.29921689,-0.34258144,0.76917632,-0.00694877,0.29957279,0.08429576,-0.26773701,-0.82483022,-0.31377179,0.00180918,-0.275954,-0.04180171,3.03921532
1039,1,-0.17451485,-0.26163316,0.15424716,-1.12428281,0.04565272,0.27198743,0.11037061,-1.13189598,0.68660218,-0.28261148,0.31625517,-1.20294704,-0.27345051,0.40413259,-0.12448631,0.34959183,1.67776236,0.9468831,-0.38766301,0.8493281
1040,1,-0.05054972,-0.23602143,-0.38049237,-2.09169329,-0.46512669,-0.27472158,0.27114,-0.71876733,-0.71187484,-0.11902558,0.60832125,-0.1625883,0.10403302,0.75252926,0.69215731,-0.06583716,1.57319657,0.17854103,1.09677985,-2.36559387
1044,1,0.99506529,-0.04301745,1.03979048,-1.58356058,-0.68971233,-0.92316062,-1.18064513,-0.25897431,0.66095766,0.81436446,-1.24347662,0.07502657,-1.32572278,-0.005258,-0.57580864,1.2330245,1.71812366,0.78832043,0.50466341,-1.97103903
1051,1,0.0640009,0.67241083,1.20030498,-1.09509039,-1.2934694,-1.23854224,-1.08613911,-1.48735573,1.36099687,1.04634838,-0.28225278,-0.69637752,-1.03390563,0.08834174,-0.83875788,0.67747082,1.44003716,1.41802151,1.08395749,0.1298858
1057,1,-0.21838819,-0.27479075,0.11813167,-1.92376067,0.38847298,-0.82907644,-0.68073803,0.5856894,0.99790117,0.428134,0.35310541,-0.15031742,-0.68584746,-0.81054298,0.77203246,-0.21155229,-0.13417266,1.31331624,0.96240356,0.13143713
1066,1,0.65961498,-0.31008197,1.11899466,-1.01210014,-1.09604757,0.28653471,-0.50149918,0.22726196,0.25362553,-0.08997911,-1.28697729,-0.12304153,-0.04505309,0.11962875,0.29697178,0.45006542,0.21294896,0.80224015,0.03689298,-1.42492989
1068,1,1.14845328,-0.28818832,0.33533782,-1.02718966,-1.23441212,-1.34516228,-0.79386097,-1.3431432,0.40516569,0.9923234,-1.02391447,-0.36906159,-0.07187767,0.66543041,-0.60158977,0.74490701,0.94505294,1.29919118,1.56253832,-0.38966075
1071,1,-0.16367818,0.13399033,0.0154675,-1.74448794,-0.18996172,-0.61139781,-0.95420057,-0.93538254,0.19791216,-0.51138046,-0.58838248,0.65902653,0.10719827,-0.95663195,0.78198417,1.51557234,0.74713428,1.18109478,1.31612329,-15.43710655
1081,1,0.40225659,-0.31820797,0.4495915,-0.76348775,-0.80070471,-0.62442032,-1.31034033,-1.34235727,1.26641567,0.84603508,-0.69857148,-1.13184525,0.2888996,0.08819478,-0.77305873,0.78548725,1.00320327,1.25975662,1.37315345,0.12237219
1086,1,1.2985207,-0.73526357,1.00544311,-1.97796169,-0.35899447,-1.04638618,-0.62968345,-0.94513456,0.80734969,-0.47915373,0.53929784,-0.8853382,-0.10243508,0.22650336,0.25314432,0.19946679,1.65278037,-0.18889395,1.3667387,-1.94464974
1092,1,0.42831218,-1.10863799,0.28744436,-1.96711052,-0.5838251,-0.92734714,-0.28694454,-0.10630142,0.90269388,-0.44776665,0.18341636,-0.45184414,-0.52198748,-0.52057362,-0.23370126,1.00692326,1.53597652,1.37453078,1.43674252,-1.53956519
1108,1,0.74647557,0.38764217,0.82402397,-1.52856762,-1.37562455,-0.46563274,-1.300224,-1.15634382,1.53820741,0.4349088,-0.9313145,-0.27388121,0.57920296,-0.30166099,-0.57103811,0.76438762,0.50234978,0.32685982,1.80022944,1.5656146
1115,1,0.64231444,-1.00933368,0.45628246,-1.82395755,0.05852306,-0.26167309,-0.47756672,-1.44892277,1.28991478,0.06241247,-0.56230408,0.10027509,-0.91510444,-0.53978736,-0.62603659,1.12323747,1.62906168,1.45829417,0.84437066,-0.93202486
1116,1,0.50402887,0.80580785,0.47015774,-0.45994797,-0.82599313,-0.27475919,-0.13105924,-0.79980281,1.61503377,-0.09836263,-0.66166074,-1.15315059,-0.59517885,-0.0780523,0.50390277,-0.04565904,-0.18249554,0.34931851,1.05787252,-16.16606143
1121,1,-0.08125177,-0.58074,-0.56063171,-2.07117681,-0.912184,-0.66638543,-0.76928483,-0.81753409,1.58899976,0.03389518,-0.66265278,0.23802465,0.33633993,-0.09400767,0.68487036,1.54650268,0.91855506,0.50034867,1.3683128,-1.94226087
1125,1,0.33373773,0.13747224,0.94214122,-1.73796057,-0.93151628,-1.1639046,-1.31834066,-0.99649517,1.56878967,-0.70942363,0.84322012,-0.54025936,-0.20277009,0.19700914,0.3711474,1.37310313,1.537023,-0.56317111,0.86019782,-0.13235816
1126,1,0.13630394,-0.24791945,0.51854944,-1.24524121,-1.07595722,-0.63382572,-1.76453086,-0.99924613,-0.54437031,1.18589402,-0.74438557,-0.04746042,0.07117745,0.0767254,0.45515628,1.36605696,1.61019157,0.53673864,1.34614319,-0.64767758
1130,1,1.14637066,0.12238478,0.95039249,-1.33719435,-0.56423801,-1.07673798,-0.71670356,-0.93520606,1.27511485,0.71692352,0.26011469,-1.47989416,0.05342943,-0.35917132,-0.71657233,0.93784221,-0.0022822,0.78966291,0.93576443,-1.92223924
1133,1,0.20588165,-0.10775696,0.64454917,-1.82478645,0.47102276,-0.08149351,0.07866623,0.71751273,0.67850325,-1.07457361,-0.85612551,-0.49237156,0.29297602,-0.37465138,-0.28644057,0.2181092,-0.02946565,1.76108842,0.05935577,-1.14183522
1137,1,0.82686285,0.89010645,1.49253046,-1.81108858,-0.66906822,-0.42267233,0.0921823,-0.39324551,1.3578589,0.47944009,-0.65577251,-1.66574764,0.13542298,-0.8108106,-1.27070394,1.12088635,0.62435468,0.51294211,0.16652216,-1.22305804
1147,1,0.39467207,0.03988167,0.85720722,-1.54404756,-1.21966786,-1.0432328,-1.27801965,-1.34206733,1.16763401,0.01343631,0.28966184,-0.374281,0.28092827,0.80762928,0.14955847,0.07181978,0.71341714,1.02378485,0.99168529,3.17385836
1149,1,1.06136917,0.43273781,1.12533143,-1.95923809,-0.66546918,-0.75484247,-0.80571167,-1.6191312,1.45805606,1.02445277,-0.14706178,0.67478869,-0.51536299,-0.15809209,-0.59936672,0.06918565,0.32325199,1.15181187,-0.09670925,0.14006229
1162,1,0.81325688,0.19483766,-0.08000881,-0.76375982,-0.58281936,-0.68318369,-1.50460097,-1.33826541,1.67404878,1.01608222,-0.56133578,-1.07352265,-0.31678878,-0.10439825,0.59693455,0.05155381,0.40947159,0.77941304,1.47308499,-14.94596982
1166,1,0.05344111,-0.08491926,0.5082976,0.30733894,-0.32696702,0.00597614,0.40250632,-0.86527892,0.7133311,-0.31215343,-1.5760013,-1.34647895,0.0997474,-0.7917484,-0.38867548,0.66453554,1.28257029,1.46464556,0.18983276,-1.48234407
1171,1,0.03852091,0.29601515,0.2936171,0.16679463,0.18055915,-0.4358956,0.04839595,-0.17776722,1.26648697,0.66505365,-1.3177664,-0.82985106,-0.94347423,-0.82886886,-0.91332157,1.45372338,0.93724487,0.06353703,0.03699615,-0.86873737
1177,1,0.72239706,-0.30753421,0.28928562,-1.76604315,-1.45175634,-1.15176174,-1.20526305,-0.93837693,1.06399844,0.39231998,-0.79367941,-0.38676298,-0.25991073,0.25414452,0.90797438,0.60931907,0.71528562,1.65693071,1.64943314,1.25119082
1181,1,-0.61856646,0.11068009,-0.01095344,-2.10023207,-0.20125237,0.02128016,0.41839623,0.27129995,1.2726256,-0.06130171,-0.00473528,0.50344983,0.07351609,-0.49985787,-0.20570018,-0.54450617,1.48775927,-0.13730086,0.22539919,-2.34083199
1182,1,0.76045654,0.17485639,-0.12528128,-1.78589068,-1.06767106,-0.57300994,-0.97939662,-0.92912273,0.90082593,0.75512438,0.46987285,-0.72781561,-0.18817472,0.99765456,0.43397281,0.51993186,0.80322776,-0.46343805,1.02387761,-0.87864272
1183,1,0.61294571,-0.17005369,1.15475234,-2.02452919,0.37700911,0.20451287,-0.70096932,-0.06661642,1.42330103,-0.33334114,-0.42583618,-0.38997533,-0.66911369,-0.92809097,-0.9264611,0.32858539,0.3327221,0.85880716,1.34235132,-0.88749714
1187,1,0.4487455,0.90390122,1.30685103,-1.52922939,-1.58495363,-0.96255206,-1.36933259,-1.43153901,1.46985199,0.15232785,-0.00068222,-0.34243137,0.22825861,0.67808085,0.28545181,0.3380012,0.6730136,-0.47061743,1.20685404,-0.36650869
1192,1,-0.11668601,-0.1637124,-0.02351614,0.42026884,-1.41012441,-0.5124224,-0.45114187,-0.78048185,1.72329657,0.16425572,-1.03858427,-0.0248125,0.21286754,-1.32717238,-1.16489929,1.40247792,1.52168414,0.9244419,0.64426089,-0.92487357
1212,1,-0.13460661,0.17361442,0.87496858,-0.23591886,-0.30394949,-0.76385526,-0.49921193,-0.1472882,0.87708041,0.48861909,-1.38770123,-1.41522247,-0.55179131,-0.74476585,-1.25318144,0.97884877,1.44057169,1.20078091,1.40300878,-0.13138204
1217,1,1.1920242,0.10034555,0.68685511,-1.43996252,-0.09496968,-1.00618874,-1.1863192,-1.12945225,1.10161481,0.72605635,-0.80015335,0.33112606,0.55545822,0.30778788,0.81319632,0.18485737,0.05261859,-0.53069733,0.13580261,-1.49127679
1229,1,0.8348947,-1.05413006,0.11396218,-0.61714005,-1.13224097,0.32935003,-0.29045476,-0.65871897,0.86154313,0.21892617,-0.78268988,-1.33701137,0.19529818,-1.15422842,-0.50976377,1.30594501,1.62038531,0.80882032,1.24725322,-1.54591888
1236,1,1.3317867,0.64752448,1.15948837,-1.96238262,-1.37371038,-0.34351194,-1.10904523,-1.45622758,1.40264646,0.51676114,-0.21998013,0.13747773,-0.00156885,-0.68254952,0.15876936,0.41730972,0.57632562,-0.28060842,1.08149509,-0.3614392
1240,1,0.32427188,-0.56938724,-0.03858697,-1.68491713,-1.00796224,-0.65027317,0.39198836,-0.94514453,-0.21335341,0.63924209,-0.31003145,-0.93006438,0.05561594,0.08952552,-0.07460801,1.47436817,1.19309098,1.39575724,0.86046835,0.62232891
1245,1,1.35926292,0.09861064,1.15891229,-1.51229925,-1.52605107,-1.15710215,-1.24615647,-1.47892695,1.51938989,0.18155297,-0.63310152,-0.6961687,0.56816648,-0.24349966,-0.01093632,0.96103942,0.80973062,0.46562324,1.38195362,0.14302397
1259,1,1.06899863,-0.48388011,0.10246514,-1.73097871,-1.32049744,-1.37762658,-1.40402607,-1.36449304,1.30567135,0.59066004,-0.44422006,-0.9665694,0.1695267,0.68070203,-0.24468086,1.45904832,1.82390698,1.13891212,0.99708096,0.41608264
1263,1,0.90157673,0.46490249,-0.04858228,-0.49988686,-1.39978025,-0.87672447,-1.03859109,-0.7750913,1.31744611,-0.11806266,-1.16202306,-1.14055283,-0.60690267,0.28797965,-0.60828134,1.85415506,1.90537443,0.87671345,0.66633089,0.6370579
1265,1,0.89937327,0.42953485,0.49071953,-1.95993889,-1.39349178,-1.37209024,-1.39832649,-0.47540382,1.3579583,-0.35613638,-0.8817096,-1.04985738,0.24367724,-0.09734846,0.22684486,1.33050576,1.42279969,0.89631519,1.68657435,-0.67646225
1269,1,0.69175669,-0.06099841,0.41383386,-0.6029431,-1.46372133,-0.8072694,-1.41415686,-0.84876059,0.09109587,0.94363636,0.71972545,-0.31330133,0.37455653,0.23774376,0.09564919,0.15839502,-0.25918284,1.28753382,0.75640731,-0.10568208
1270,1,0.04644592,0.20952329,-0.02908081,-1.56505458,-1.34335994,-0.76687171,-0.48234439,-0.59143706,0.99274741,-0.32054375,0.19521777,-0.27860714,-0.03505236,0.27500824,-0.76082713,1.24539784,1.39884025,0.20906751,1.60093064,-14.73705572
1271,1,0.74160322,-0.77305318,0.59313623,-2.01504932,-0.35474123,-0.53956809,-1.32144908,-0.91460642,1.30683471,1.21625253,0.40652062,-0.12846065,-0.15857472,-0.78847217,0.82649676,0.74104235,-0.46098502,0.93024585,0.69282761,-0.89859835
1273,1,0.70031651,-0.27683248,0.10679915,0.24027813,-1.44109997,-1.00565853,-0.17162802,-1.22649323,1.26786381,1.05378431,-1.28922957,-0.06821624,-0.40304979,-0.71707851,-0.60156251,1.49090506,0.76647919,0.07370522,1.50071747,-0.38749104
1277,1,-0.10646192,-0.30745566,0.82735073,-1.68429354,-0.58678852,-0.67436257,-0.59353659,-0.02660676,1.23789691,-0.17034179,-0.45218551,-1.21748647,-0.12553723,0.96704291,0.01355333,1.08132029,0.66923013,0.59466724,0.55399502,0.87920662
1282,1,0.38656808,0.62552519,0.47015916,-1.0878608,-0.86692692,-1.40786511,-0.84020772,-1.23580124,0.67818303,0.28041948,-0.64504589,0.14835796,-0.36133684,-0.68406366,-0.587199,1.22232389,1.037181,1.58804582,1.27954357,1.9423651
1289,1,-0.03399597,0.25976204,-0.08525112,-2.01529307,-1.01668378,-1.79799975,-0.50370126,0.03735232,1.32805937,-0.49726888,-0.84588203,-0.67311357,0.20673077,0.92224067,0.04587234,1.56868856,1.18497085,0.60887795,1.30663456,-0.92414308
1296,1,-0.10306499,-0.72578581,0.68570193,-1.96423354,-0.52106774,-0.50776447,0.25054385,0.50513123,0.43244983,0.16524765,-1.17634137,-1.08288473,-0.22344104,-0.03990386,-0.81229422,1.05049947,1.61526622,0.95563927,1.49630232,-0.63543136
1297,1,0.185634,0.43811106,-0.23309676,-0.67110869,-1.10358755,-0.40082798,-0.92761308,-0.54799167,0.51672115,-0.59692537,0.11056249,0.10894109,-0.10062781,0.96779863,-0.28989208,0.81377535,0.67895149,1.11458507,-0.06340934,-0.58986453
1300,1,0.1732664,-0.47478229,-0.20698927,-1.7187678,-0.99915471,-1.00148129,-1.51559234,-0.46690442,1.61981119,-0.76458273,0.34949991,-0.31530925,0.51783019,0.12134427,0.95945293,1.02173578,1.02273015,0.20049419,1.47739909,0.64660537
1310,1,-0.21724054,-0.02323338,-0.06558551,-1.67867706,0.54532555,0.1084195,-0.05524317,-0.05975316,1.39921266,0.80201246,0.87062204,-1.20091107,-0.84831829,0.41712607,-0.96405144,-0.04002933,0.22822572,0.37866193,0.40343702,-0.10390577
1314,1,0.39597267,0.38149289,1.01509453,-1.81667922,-1.52269673,-1.1295783,-0.74183984,-1.41921869,0.7139667,1.09975542,-0.53148858,-0.13954224,0.64429356,0.31698569,-0.07494382,1.01395633,-0.20382417,1.43282574,0.56546806,-0.35812654
1320,1,0.84442264,-0.44351734,0.18925259,-1.65001776,-1.30887571,-0.77325705,-1.45357985,-0.82333057,1.4237938,-0.02821822,0.63798804,-0.20439337,0.54857529,-0.21152664,-0.63032008,0.4320217,1.01818639,1.08769471,1.34510143,-16.43633846
1346,1,-0.07505848,0.67797055,-0.25771125,-0.70239118,0.28055074,0.47915194,0.18300503,0.24621675,0.63088356,-0.42259788,-0.89871293,-1.5536329,0.35905926,-0.76592668,-0.75645821,0.38871632,0.86257826,0.81823495,0.50612215,-2.31983185
1347,1,0.59994069,-0.68937596,0.59731293,0.39189526,-0.95173408,-1.11469809,-0.23350308,-1.68541326,0.75944683,0.3089202,-0.77504887,-0.18002486,-0.22871861,-1.05289181,0.16218561,1.2777306,0.71186245,1.57186205,0.530252,-0.3659031
1367,1,1.00608492,0.37118114,0.83335346,-1.64575349,-1.31821148,-1.05770721,-0.42985761,-1.22314999,-0.26473714,-0.14911116,-0.94071573,0.07989349,0.04631845,-0.04303976,0.18401124,1.15677826,1.68951389,0.82918922,0.8759595,16.79692512
1369,1,1.04041186,-0.17467505,0.05115825,-1.05690673,-1.1555889,-0.72444618,-1.15591491,-1.51239569,1.48179828,-0.58555599,-0.00667885,-1.36644753,-0.10903691,0.57549138,0.37054134,1.34808672,1.36172179,0.97600668,0.64243044,-1.57714474
1370,1,0.61950439,0.88907145,1.16129876,-1.06139713,-1.47294425,-0.64042712,-0.69587651,-0.79836018,1.51344492,0.38042776,-1.06291992,-0.79598993,0.64111897,0.29850127,0.45135853,0.16479523,0.24872192,-0.45672756,0.6163994,-0.36706199
1373,1,0.18378504,0.17822618,0.25871886,-1.699654,-1.67864824,-1.39043082,-0.71722131,-1.21499741,1.54310791,0.4092991,0.65939166,-0.6652271,0.13962771,0.78208702,-0.07855207,0.74880401,0.68175101,0.3039971,1.55593535,-0.36215561
1375,1,-0.06367142,0.06613948,0.28481474,-2.10903518,-1.12735659,-0.60506402,-1.04483733,0.15694979,1.61136714,-0.17951895,-0.52416047,0.23669983,-0.19624404,-0.00543327,0.06120697,0.24158199,1.51765621,0.78775027,0.89115485,-0.11213329
1389,1,1.20901435,0.47908259,1.06271741,-1.97346731,-0.6394523,-1.03304858,-1.12125726,0.15028345,0.59457988,-0.77237565,-0.06873549,-0.50614138,-0.1754664,-0.6098238,0.256104,0.47568112,1.65241932,-0.15702423,1.17691028,-0.90285617
1390,1,-0.48930433,-0.8308722,-0.26950099,-1.98521225,-0.80476676,-0.67907443,-1.11771692,-0.20855645,0.37337412,0.72275942,0.02515803,-0.07202212,-0.49641273,0.64896248,0.67543439,1.21672603,1.38955942,1.34058153,0.56088376,-2.43248785
1391,1,-0.1901766,-0.15154645,0.1444904,0.20448329,-1.18695746,-1.06464813,-1.14236219,-1.03597759,1.33823351,0.35886602,0.53470866,-0.95307259,-0.38990369,-0.09191923,-0.56851468,0.82904042,1.4794564,0.68972882,1.19607109,-16.76359381
1392,1,0.59514573,0.52431398,-0.24447483,-0.70727427,-1.5700243,-0.87615992,-0.28681123,-1.46262177,1.32924175,-0.11848371,-0.1830434,-1.40488593,0.77582214,0.03077697,-0.04960834,0.92007715,1.64296767,1.49667273,-0.41163042,-0.64930433
1396,1,0.19403603,-0.90768151,1.06948369,-0.58903804,-1.58579536,-0.37292807,-0.88539549,-0.0336414,1.70230632,-0.74147373,-0.37049095,-1.01976768,0.36646614,0.8971289,-0.87304485,0.41388868,0.99386979,1.0930661,0.64901143,-1.20735188
1397,1,0.90709051,-0.40171676,0.96739224,-2.1480342,-0.83547356,-1.23796644,-1.02002714,-1.10261025,1.28225915,0.7188235,-0.49141897,-0.43669497,0.01335379,-0.41783753,-0.36401937,1.03570613,1.14816809,0.96771285,1.41529293,-3.32828226
1404,1,0.28508527,-0.05429996,0.07092762,-1.86938967,-0.17324718,-0.81575175,-0.54560173,-0.6801729,0.87849193,0.27330234,-1.13119607,0.69968717,0.02127401,0.53976767,-0.66500424,0.94904238,0.96578859,0.3220159,0.92928062,-0.59385339
1412,1,-0.1702945,0.71705704,-0.67503686,-0.7804488,-0.83516451,-0.21200604,-0.41647588,-0.29759043,-0.52507926,0.41540278,0.88625651,-0.42448383,-0.74385731,0.92792922,0.27853364,0.41658742,0.15197473,0.62181913,0.66487695,-1.78852078
1432,1,0.83137003,0.38180971,1.36412654,-1.72119537,-1.53780064,-1.12018439,-1.3943099,-0.79872975,1.34327528,0.39390739,-1.3083131,-0.91331243,0.5442782,0.37107133,0.22454121,0.58713461,0.24072198,1.32900782,1.18260148,-0.37657111
1441,1,1.04098778,0.89617121,1.20672942,-2.09515489,-1.29913731,-0.89876141,-1.26904843,-0.78924446,0.89169197,0.66559455,-0.03200379,-1.11537343,-0.1735564,-0.86018876,0.42670195,1.60724906,1.20794128,-0.01370785,0.60310951,-0.11164371
1445,1,1.18263405,0.24867321,1.00722318,-1.3877447,-1.69662145,-1.2702739,-0.78852061,-1.69747391,1.62872489,-0.14468076,0.22940406,-0.94800389,0.00738488,0.07944976,0.12225378,0.33394518,1.01460817,0.66897743,1.41004063,-0.65100863
1459,1,1.11467643,0.68262765,1.28029409,-1.82921443,0.05833574,0.17633457,-0.9492496,-0.56307613,0.8776587,0.32396479,0.17194477,-0.35886186,0.1844984,-0.59923945,0.05219513,-0.17944602,-0.38839929,-0.56478548,0.50974199,-1.46155591
1463,1,0.63854287,-0.65246922,0.80454563,-1.83318556,-1.07147467,-0.11200893,-1.13541141,-0.42603206,0.1933164,-0.01288741,-0.2626504,-0.07145689,0.67176445,-0.17893755,0.43484851,0.28003261,0.03364343,1.25361557,1.44620463,-1.48796883
1466,1,0.73515987,0.82983856,0.81103998,-1.75175663,-0.06181806,-0.48824911,0.11854997,-0.90971698,0.57708073,-0.03795662,-1.08251315,0.34036668,0.64042545,-0.09371267,0.3833926,0.98939843,-0.26765764,-0.38491954,-0.34695187,0.13055948
1487,1,0.91067887,-0.12318689,0.35150452,-1.04804209,-1.42840291,-1.15448801,-1.44937255,-1.39235372,1.09218576,0.50743128,-0.90139866,0.98757478,0.55554531,0.43246898,0.8267621,0.55681984,0.79764784,-0.55666218,1.03528773,-0.62938674
1496,1,0.75965522,0.20227059,0.46003801,-0.02321262,-1.15882623,-0.18684179,-1.36171104,-1.19207751,0.37885562,0.1702453,-1.32291507,-1.16837328,0.80734723,-0.26210708,-0.2887591,0.31058233,1.54340019,1.06342691,1.26900232,-3.22692636
1500,1,-0.04668105,-0.26239629,-0.37743519,-0.82312378,-1.61457043,-0.42276641,-1.18966991,0.45620277,0.74977279,-0.35207643,-0.49263615,-0.24381375,1.06737612,0.20967263,-0.32845054,1.3336098,0.96619928,0.09835126,1.27243528,-1.16782423
1501,1,0.6838756,0.17691522,0.81283121,-1.71361721,-1.05389053,0.01673599,-1.29034009,-1.47019537,1.61708617,-0.30374857,0.34169738,-0.31785769,1.03584913,-0.00215282,0.76028632,0.33425103,-0.10091127,0.11297986,0.36020564,0.90463469
1509,1,0.66064626,-0.22922414,0.2341856,0.27211566,-1.59292686,-1.48876013,-1.02298825,-1.21016394,1.3412172,-0.07338963,-0.51488369,-0.33442669,0.15556323,-1.00513718,0.07677913,1.19961912,1.43048402,1.41818707,0.68310322,-1.22826108
1518,1,0.45392652,-0.38864517,1.06965725,-0.74948194,-1.50616703,-0.82076499,-1.29245028,-1.43616059,0.47149353,0.49539163,-0.13427856,-0.02820598,0.09451361,-0.38792573,0.80918536,0.60869584,1.27111325,0.03613489,1.43396839,0.3812524
1519,1,0.6291244,0.52567512,0.18499861,-1.17474788,-1.37748359,-1.31284431,-0.62975281,-0.43552661,-0.1486,0.59170448,0.10266193,0.26568672,-0.34509264,-0.40392214,0.57231257,1.13165393,0.00033863,1.04822687,0.77558672,1.84706439
1529,1,0.64476709,-0.26345725,0.64748387,-1.92082533,0.45434096,-0.0050112,0.58863763,-0.75649775,-0.42337446,-0.824596,-0.00002239,-0.43036484,-0.22647482,-0.48541935,0.31606097,0.5310447,1.59491954,0.58627875,-0.02749012,-1.46024001
1555,1,-0.04766935,-0.05348139,-0.62175349,0.31544098,-1.23362379,-1.13196823,-1.18862933,-0.74333083,0.64029141,1.32226343,-1.18193154,-1.28653699,0.19297615,0.90395312,0.40928083,0.18653152,0.90116363,1.50038399,1.11663988,-0.37991397
1563,1,1.3998913,-0.94994827,1.37387173,-1.38258439,-1.14868349,-0.88387722,-1.26643206,-0.83560567,1.53798387,-0.13739172,-0.378198,-1.02002869,0.12061517,0.38078568,-0.20002933,0.98169367,0.52523177,0.7028617,1.17984395,1.24261152
1567,1,0.20753328,-0.37564415,-0.64713258,-0.09910582,-0.88456306,-0.5596624,-0.96238282,0.17065231,0.58949114,0.00753037,0.34829272,-1.34631411,-0.97275714,-0.09378719,-0.71166926,0.77504091,2.20289035,0.61159165,1.7399958,2.46677699
1604,1,0.25176236,-0.23765995,0.10628374,-0.36816735,-1.58542945,-0.9269102,-1.17624715,-1.58900809,1.38212803,-0.05458484,-0.99927947,0.14208034,-1.01475764,0.57797258,0.16615987,1.53309881,1.49060623,0.95738856,1.34456362,-0.6654922
1607,1,0.05270647,0.57748717,0.03805433,-0.96910073,-1.75524554,-1.03604062,-1.12177298,-1.03258394,0.75294366,1.3699172,-0.87935758,-0.7771981,1.24170821,-0.6301933,0.18057624,0.64358915,1.28189769,1.417833,0.64477967,1.24614205
1618,1,-0.15293993,0.26789423,0.07881691,-1.48317659,-1.62752741,-1.38008511,-0.76112638,-1.63500686,1.38027969,0.71792017,-0.91073848,-0.39222914,0.16515395,0.39616391,1.09181838,1.43689958,0.90900435,0.67159627,1.22728246,-0.94229541
1622,1,-0.26952003,-1.05204259,-1.05208655,0.06519452,-0.27645347,-1.40068465,-0.56737494,0.23728804,0.58104433,-0.01251861,0.03676487,0.02272597,0.69029413,-0.05103885,-0.81314922,1.46546323,1.47381324,1.27612215,-0.35384157,-1.17521618
1624,1,1.002485,0.10651654,0.90162417,-1.31118821,0.71856841,0.3835806,-0.7973583,-0.04178162,-0.68871723,-0.53597864,-0.72169437,0.40818436,0.022723,-0.74542749,0.33740454,-0.25242072,0.32025045,1.24418101,-0.3509515,-0.11900835
1628,1,-0.57226328,0.07551876,-0.05475052,-1.53774599,-1.31314606,-1.15286716,-0.69633662,-1.00956084,0.6012565,-0.32296926,0.11544463,0.19368542,-0.01646519,0.20471039,-0.16442589,1.21009656,1.38947212,1.3943181,1.65602833,-15.17664305
1630,1,0.72191782,-0.21489923,0.9652373,-1.1754379,-1.53108253,-1.55996914,-1.06425654,-1.41913351,1.39892972,0.71442614,-0.56327966,0.10060669,-0.21352564,-0.61961437,-0.55598041,1.5587894,1.09146008,0.86223143,1.50358035,-0.67974514
1631,1,0.62385404,-0.82388096,1.08846701,-1.80909575,-0.57280063,0.08979894,0.28074778,-1.43441924,1.10218711,-0.10141851,-0.3877454,-0.22727087,-0.84080067,0.47529676,-0.33789911,0.74787722,-0.21099925,0.91277343,1.4253281,-0.36133478
1639,1,0.56546005,0.06263609,0.47496035,-1.24765007,-1.39112236,-1.27531729,-0.5736732,-0.47088879,1.08715519,0.46103947,0.48204622,-1.12837397,0.26271104,0.64178099,0.44340192,0.62350145,1.26426229,-0.28323776,0.00130838,0.13827508
1643,1,0.5210712,-0.66569407,0.43252118,-0.8816685,-0.55957933,-0.32431931,-1.31441712,-1.16458187,0.1364359,-0.0890783,0.11991668,-1.09925249,-0.60468239,0.28568347,-0.03269387,1.27242018,1.4031735,1.21443781,1.35030733,-16.17380009
1649,1,-0.49196611,-0.92321375,0.07365475,-0.78912532,-0.51477301,-0.3949158,-1.07447144,-0.61344141,1.27414678,0.54665274,0.6326321,-0.27521091,-0.69774624,0.18311661,-0.07857145,1.02015701,0.83409701,0.23879113,1.05018731,-0.86729329
1662,1,0.48973744,0.37195636,1.16731615,-1.66144162,0.14210727,0.28573178,-0.3431976,-0.49512281,-0.35656096,-0.21707929,-0.6744714,-0.96135607,0.5707553,0.20678807,-0.19876518,1.23472744,0.50251957,-0.20429143,0.14064698,-2.32045104
1672,1,1.13161169,0.5610662,0.0388586,-1.28543116,-1.73134806,-0.71938553,-0.66913919,-1.53132101,-0.25200369,0.71956815,0.51859128,0.03655318,-0.06353282,0.64989153,0.52207525,0.36751179,0.64211765,0.15703703,0.90727911,-0.8662494
1674,1,-0.2160337,0.59562787,0.99898188,-1.01529426,-1.37211951,-1.20998474,-0.70035804,-0.90058399,1.13888198,0.26326852,-0.90958037,-0.29583896,0.61689402,-0.53858366,0.14455751,1.44198582,0.62803672,1.29296666,0.03717625,-16.36619952
1703,1,-0.55664755,-0.65650699,-0.26002072,-0.67519697,-0.96481994,-1.36753318,-1.01397135,-0.68236079,-0.33469945,-0.34396546,0.57010725,-0.16780464,0.54007454,0.52859051,0.40992149,1.1128303,1.44583499,1.25384734,1.16232062,17.60781206
1733,1,0.19268035,-0.16416065,0.61154822,-1.87717503,-0.18127158,-0.28554775,-0.03321046,-0.05154563,0.25318371,0.37342143,-0.27411179,-0.58011342,0.14407561,-0.77301349,-0.20861137,0.1374655,1.68357756,-0.46323963,1.49604842,-0.60245696
1770,1,0.1531754,0.23151189,1.06122527,-1.77241603,-0.6799449,-0.74829531,-1.16022092,-0.3307885,1.49867583,0.38349969,-0.53763073,0.64638474,0.20715648,0.65862921,-0.31150635,-0.14245021,-0.4316951,0.56329096,0.71139858,-2.37483513
1777,1,0.86739306,0.27309428,1.04138154,0.06761856,-1.37058805,-0.47297846,-0.85573291,-1.3705791,1.33168981,0.88433296,-0.24229773,0.10308358,0.2775656,-0.69918377,-0.08459749,0.03942355,-0.05111779,-0.06815756,0.32964992,14.50953208
1785,1,0.63757727,0.73023193,0.83754743,-2.06083745,-1.19780906,-0.17886157,-1.01210137,-0.5547855,0.98275947,-0.68796537,0.19451699,-0.3001258,0.82586322,-0.46540284,0.42907263,0.05007373,0.3964291,1.37472735,-0.00091016,0.14335298
1787,1,-0.06168172,-0.77491746,-0.69707793,-1.21233162,-0.42871509,-0.85517761,-0.90879869,-1.2978863,1.06928099,0.59146741,0.84716241,-0.6897386,-0.63084229,0.95786251,-0.66851951,1.70048693,1.65409796,-0.08470464,1.49003325,0.63410208
1808,1,1.05248869,0.3020796,0.20403325,-1.90955859,-0.96865813,-1.00926861,-1.67317415,-1.3939909,1.79221819,0.67459008,-0.95157183,-0.30179057,0.14664602,0.03671898,-0.55342355,0.95143502,1.4701852,0.58252066,1.54852064,0.68849058
1827,1,0.15637235,0.63116935,0.98236928,-0.96141546,0.25441369,0.6075573,-0.09924206,0.38746626,0.68963576,-0.26543264,-0.99769298,-1.24982211,-0.78799071,-1.03965956,-0.56580324,1.3191441,0.70731926,0.11727275,0.11433866,-0.35495466
1842,1,0.45510724,-0.73214288,0.83169963,-0.14646188,-1.14212818,-1.61393743,-1.05221473,-1.05238469,0.2540718,0.52566822,-0.36859267,-0.88513842,0.60848386,0.28732725,-0.18257064,1.22265084,0.62824697,1.08805993,1.27425578,-1.91822998
1868,1,0.56324956,0.20044067,0.39870631,-1.77916715,-1.17889546,-0.83815128,-1.45848918,-1.37411314,1.22505898,0.12399816,0.32897943,0.45703092,1.10839492,0.01614355,0.70322047,0.48831726,-0.30490734,-0.17340116,1.49358448,-0.35602672
1869,1,0.72442556,0.09839152,0.4283481,-1.25207919,-1.48277627,-0.2903768,-1.44939348,-1.10054474,0.847685,1.32675431,-1.26437686,-0.96479713,0.10740127,0.72738988,0.7149692,0.66461294,0.39571828,0.21172551,1.5569229,0.66450084
1872,1,-0.13842973,0.0811255,0.40658098,-1.42547308,-0.68404584,-0.3707906,-1.12170033,-0.04974371,0.80578533,-0.52684171,-1.28200334,-1.03500487,0.81224087,0.54984541,-0.96858668,1.60717948,1.4280058,1.45350867,0.45834785,0.11805218
1877,1,0.51059279,0.51433122,0.23098394,-1.43992507,-1.60816093,-1.06348624,-0.85724797,-1.35424496,0.11466376,0.0226657,-0.86083814,-0.36996206,-0.55638071,0.27721187,-0.10012101,1.63147035,1.71533718,1.59009388,1.6030164,1.26383502
1887,1,0.22051038,0.860675,-0.242519,-1.51032378,-1.17189737,-1.03606297,-1.43391782,-0.69286597,0.92111713,-0.96139641,0.52627102,-0.86739824,-0.29130736,0.46637254,0.29798896,1.3244563,1.4988216,0.78013076,1.31134523,-1.5784213
1896,1,0.87939606,-0.09700776,0.7290476,-2.07615396,-0.47327791,-0.86657862,-1.06278122,-0.63062631,0.79418154,1.02220089,-1.29255099,-1.27539597,-0.0382746,0.18310628,-0.1721418,1.37431835,1.58311677,0.03553668,1.38388497,-0.65409509
1902,1,0.64372556,0.59180959,-0.12375118,-1.7106549,-1.21800697,-0.13937167,-0.89207927,-0.13420283,0.51203018,-0.37821531,-0.72196791,-1.17560312,-0.58150061,0.2546472,0.12118078,1.08148242,1.80513747,1.17282298,0.89251759,1.20510428
1910,1,0.11629224,-0.32153482,0.13750746,-1.59904349,-1.36067268,-0.37183807,-1.24955722,-0.37273626,0.76702633,0.45638573,0.52486734,-1.10889033,0.37575695,0.72655349,-0.67370254,0.34071277,1.51737623,1.32311666,0.77238021,-16.56809182
1913,1,0.22435881,-0.15217568,0.47192351,-1.75799449,-0.00649559,-0.7117317,-1.04435985,-1.03895972,1.6272905,-0.89649479,-0.8989686,0.26675708,0.37495869,-0.10857627,0.81495475,1.40994442,0.62423509,1.19165813,-0.39032429,-0.63638476
1920,1,0.60746023,0.49839809,0.02493725,-1.75167858,-1.378961,-1.30854594,-0.91217734,-0.90857368,1.58541136,0.22943925,-0.45509548,-0.36990733,0.89664279,0.17332559,-0.27592704,0.67804411,0.79228651,0.28070091,1.5942203,0.92366681
1926,1,0.20236533,0.53478774,0.1048572,-0.66492729,-0.44369989,0.0676717,0.18335686,-0.81527542,-0.27746096,-0.69029481,-0.34215921,-1.2219661,-0.69574501,-1.15187142,-0.83071793,1.52914747,1.61143127,1.46942578,1.43107469,0.34729334
1928,1,0.47512834,0.85055339,0.91046519,-0.11858976,-1.2119569,-1.24986152,-0.04388508,-0.53794154,0.02306663,0.50073083,-1.11150883,-1.30850207,-1.1832197,-0.89953391,-0.24297739,1.57028557,1.31288477,1.228466,1.03639598,-0.65962467
1929,1,0.94316484,0.50055011,0.25200717,-1.37265967,-0.68298584,-1.51937357,-1.39275284,-1.42528234,-0.27695449,-0.5523635,-0.61503187,-0.24139294,0.64987164,1.02925966,0.20191503,0.37518504,1.73408669,0.90835693,1.48439995,0.39361723
1931,1,1.06997482,-0.07062345,1.04782782,-0.27260866,-1.80264134,-1.38008747,-1.24919197,-1.46329047,0.5297431,0.24009516,-0.04302977,-0.79966598,-0.92500018,0.50789552,0.16539515,0.38980256,1.13447453,1.51778725,1.40314338,-0.93657167
1936,1,0.65159386,-0.22110124,0.87800241,-1.99905246,-1.48800277,-1.388382,-1.1120015,-1.3606543,1.39302052,0.35415041,0.36480241,-0.00002318,-0.8633559,0.06002352,-0.30632037,1.28046165,1.59160646,1.13719755,1.02803493,-0.96065203
1942,1,0.5420785,-0.0162912,0.4637128,-0.04208449,-0.06154435,-0.82119936,-0.63555216,-1.09855213,-0.3901282,0.84832452,-1.05635274,-0.64989269,-0.73795356,0.14852895,-0.59607236,1.45134036,1.64411024,-0.44098443,1.4485123,0.60259926
1943,1,0.23312745,-0.63360921,0.39815272,-1.24077977,-0.35920651,0.30759267,-0.1813656,-0.86587537,0.19282681,0.37325965,-1.27330674,-1.40933493,-0.3575175,-1.06616104,0.5275039,1.26300113,1.45576401,1.20278663,1.4331417,-1.54783681
1945,1,-0.03614727,-0.36252183,0.07353732,-0.10353358,-0.33344683,0.41275786,0.30140365,0.21990144,0.81416693,0.76974355,-0.51015831,-0.64887202,-0.12661543,-0.72454142,-0.74485352,0.69408914,0.33662505,0.30155777,-0.3330925,-16.10350381
1950,1,-0.11274835,-0.6376756,-0.02144954,0.19932355,-1.51860956,-1.39055031,-0.90223867,-0.92012456,0.7533015,0.62894783,-0.28969269,-1.23872965,0.71871535,-0.74218681,-0.31195008,1.48394629,1.50656493,1.29152247,1.5036339,0.11722222
1958,1,1.08138575,-0.19473196,0.29213091,-1.43157422,-0.77978998,-1.1214177,-0.31533704,-1.18413979,0.81118774,-0.0779843,-1.45525676,-1.20945416,0.7846535,0.38305653,-0.23665147,1.46252257,1.45695002,1.04173439,0.69271597,-1.9757247
1959,1,0.93118071,-0.39087021,0.62508737,0.1123812,-1.32701258,-1.56359197,-0.97534594,-0.8691216,-0.45789534,-0.55591129,0.13885588,-0.03725089,-0.1701051,0.19520837,-0.53411457,1.36771374,1.60964648,1.0951039,0.80604184,-1.52994755
1963,1,0.26529111,-0.81377749,0.61895434,-1.78595856,-1.72329929,-0.84987848,-0.9355313,-1.22741956,1.36557149,0.08741604,-0.2200292,-0.48314783,0.2365302,-0.29675124,0.47694248,1.26742259,1.48861946,0.96790244,1.5611428,-0.66385351
1964,1,0.58887867,0.09055943,0.68564943,-1.06872174,-1.64023758,-1.23741012,-1.55938703,-1.31165943,1.49323709,0.41657953,0.04315691,0.01746482,0.26223821,-0.30746969,0.73259043,-0.33014123,1.55333177,0.42171512,1.14962541,-1.22744727
1975,1,0.75979232,-0.21231056,0.33411925,-1.10672066,-0.69980149,-1.21824883,-0.65000137,-1.10474111,1.43576962,1.22649833,0.22371378,-0.6597854,0.23360503,1.00316665,-0.36684085,0.3513669,-0.47101964,1.18183576,-0.26039773,1.89571165
1989,1,-0.41300548,-0.54564188,-0.0070873,-1.34362536,-1.68968695,-0.74235673,-0.49871028,-0.51723308,0.10977075,0.68773018,-0.00425952,0.36159165,-0.14783724,0.26186179,0.26044366,1.55707552,0.758926,0.36286473,1.54917954,-0.88093304
1993,1,0.00840185,0.48510279,0.52985282,-1.03033856,-0.32717919,-1.13270856,-0.75713525,-0.75851887,0.38070118,-0.85046101,0.4522934,0.63405361,0.17676461,-0.86108512,-0.80664712,1.01335008,0.86789749,0.66159297,1.31406288,-15.75565373
2022,1,-0.26320854,-0.56479922,-0.34151483,-0.70937207,-1.31346244,-0.17264369,-1.44795492,-0.3739036,1.02964082,-0.20115544,-0.57366141,0.68492695,0.53165698,0.75370246,0.33717149,0.21800115,1.23565616,0.59421081,0.57670934,-15.95735897
2024,1,-0.57377345,-0.65698651,0.48236698,-1.35667696,-0.98149681,-0.82223705,-1.13948826,-0.34478431,-0.00154058,-0.39945847,-0.13323699,-0.212259,0.35727925,0.19519777,0.88833247,0.85347731,1.13910963,1.43193754,1.27423744,-1.88917382
2025,1,-0.37795436,0.0943722,0.20643533,-0.44522216,0.09606474,0.31650763,0.37992062,0.53877679,1.40509918,-0.86115165,-0.50197838,-0.3979191,-1.01096133,-0.75865312,-0.64225041,1.0594631,0.37752657,0.51253913,0.00938522,-0.35423722
2026,1,0.34690105,-0.12609622,0.59902138,-1.00947609,-0.05746261,-0.75890876,-0.15367265,-0.62101791,-0.62778296,-0.56118957,0.43346641,-0.92514883,0.2716781,-0.76360033,0.57888278,1.30486013,0.8648527,1.21386285,-0.00916947,-2.31736966
2027,1,0.38545641,0.06159157,-0.32491925,-1.53229539,-0.43351935,-1.14511819,-0.69083795,-1.21275197,0.04663979,0.74308484,0.61509058,0.34638196,0.36708785,0.67548259,0.02220004,0.86121279,1.47219002,-0.30498095,0.04800461,-14.07576097
2030,1,0.22321892,0.64566167,-0.57398993,-1.18267482,0.06767919,0.16256281,-1.28584607,0.31362958,0.86400406,0.1132937,-0.78065287,-0.42603635,0.19324139,-0.78352536,-0.71104016,1.57393716,0.31968075,-0.05293941,1.31979574,-3.13039385
2031,1,0.95117031,-0.44035004,0.76389906,-1.09347405,-1.50075761,-1.49481919,-1.53037774,-1.57172532,1.10124438,0.76919093,-0.48787205,0.08714833,-0.70616335,-0.0298954,0.41839795,1.40788237,1.28416665,1.06572399,1.00661078,-0.38177419
2034,1,-0.33699993,-0.673158,-0.01397049,0.28681636,-0.4048628,0.42531418,0.32104858,-0.11855959,-0.78639372,0.58839829,-0.92079238,-0.67353095,0.18858104,-0.21414751,0.05352705,0.22125504,0.61327214,-0.00698711,1.4511898,-0.11884422
2038,1,1.54582444,0.71114121,-0.10974881,-0.90606242,-1.28950571,-1.14122065,-1.20580848,-1.00793344,1.52737897,0.13722047,-0.91742888,-0.36798508,-0.02300587,-0.68915431,0.34704481,1.44847492,0.82347872,0.10665401,1.0106361,0.92108411
2047,1,0.03129263,0.43013128,0.4538877,-1.60472876,-1.51575925,-0.89847809,-1.08122308,-1.31373091,1.81690148,-0.63702376,0.94211754,0.29276958,0.01500019,0.32666475,-0.42757787,1.2927736,0.7152618,1.02083558,0.14088559,1.22856667
2070,1,0.25540118,0.00234534,0.29645101,-0.04593489,-0.53478812,0.02996451,-0.62391293,0.20796927,0.43022488,0.36570309,-0.87410942,-1.25858904,-1.09522361,-0.53833338,-0.54354058,1.22854086,1.54173311,-0.08847767,1.24457639,1.15059163
2072,1,0.3343509,-0.67564325,0.39182603,-0.7732831,0.21548795,-0.46801135,-0.53792302,0.52981143,1.32535476,-0.65055206,-1.02469372,-1.23863336,-0.28736516,-0.05088139,-1.00256418,0.52401806,1.0360989,1.22975468,1.12284788,0.11473094
2091,1,0.56960012,-0.24267845,0.07054465,-1.42994805,-0.52768175,0.0232231,-1.09939756,-0.32465846,0.77034713,-0.62964169,0.72591753,0.00612792,-0.1999857,-0.49479277,-0.0280853,0.91855032,0.41379964,0.64544675,0.83331257,-1.43709173
